emp_no,first_name,birth_date,from_date,to_date,title
10095,Hilari,1965-01-03,1994-03-10,9999-01-01,Senior Staff
10122,Ohad,1965-01-19,1998-08-06,9999-01-01,Technique Leader
10291,Dipayan,1965-01-23,1987-03-30,9999-01-01,Staff
10476,Kokou,1965-01-01,1987-09-20,9999-01-01,Senior Staff
10663,Teunis,1965-01-09,1999-02-12,9999-01-01,Technique Leader
10762,Lech,1965-01-19,1992-01-21,9999-01-01,Staff
10933,Juyoung,1965-01-24,1993-08-02,9999-01-01,Senior Engineer
12155,Keiichiro,1965-01-21,1993-09-16,9999-01-01,Senior Engineer
12408,Rasiah,1965-01-10,1995-04-18,9999-01-01,Senior Engineer
12643,Morrie,1965-01-30,1998-12-31,9999-01-01,Staff
13499,Kazuhiko,1965-01-16,1991-09-01,9999-01-01,Technique Leader
14075,Denny,1965-01-03,1991-05-30,9999-01-01,Engineer
14104,Sudhanshu,1965-01-03,1994-07-23,9999-01-01,Staff
14127,Magdalena,1965-01-10,1994-04-22,9999-01-01,Engineer
14158,Caolyn,1965-01-22,1990-02-06,9999-01-01,Staff
14476,Sastry,1965-01-19,1999-09-25,9999-01-01,Engineer
14907,Nakhoon,1965-01-14,1986-12-18,9999-01-01,Staff
15050,Nikolaos,1965-01-18,1990-12-17,9999-01-01,Engineer
15058,Bouchung,1965-01-30,1990-06-18,9999-01-01,Senior Staff
15413,Arvin,1965-01-17,1994-01-01,9999-01-01,Senior Engineer
16461,Remmert,1965-01-14,1986-09-06,9999-01-01,Staff
16528,Gaurav,1965-01-21,1996-05-07,9999-01-01,Engineer
17013,Morris,1965-01-15,1995-05-24,9999-01-01,Senior Staff
17206,Berry,1965-01-02,1992-12-27,9999-01-01,Engineer
17369,Yaghout,1965-01-31,2000-09-15,9999-01-01,Senior Engineer
17447,Zengping,1965-01-11,1998-12-16,9999-01-01,Staff
17731,Gennady,1965-01-16,1989-12-06,9999-01-01,Assistant Engineer
17970,Filipp,1965-01-06,1989-01-09,9999-01-01,Technique Leader
17988,Mabhin,1965-01-31,1989-11-30,9999-01-01,Senior Engineer
18021,Adil,1965-01-07,1987-05-08,9999-01-01,Engineer
18424,Filipp,1965-01-19,1995-06-07,9999-01-01,Senior Engineer
18583,Stafford,1965-01-03,1998-08-16,9999-01-01,Staff
18617,Surveyors,1965-01-21,1989-04-24,9999-01-01,Senior Staff
18810,Taiji,1965-01-09,1991-06-27,9999-01-01,Senior Engineer
19236,Elzbieta,1965-01-24,1988-07-12,9999-01-01,Senior Engineer
19350,Satoru,1965-01-19,1994-03-27,9999-01-01,Staff
19803,Ziva,1965-01-30,1987-06-13,9999-01-01,Engineer
20100,Utz,1965-01-18,1986-06-15,9999-01-01,Senior Staff
20128,Kazunori,1965-01-23,1999-08-13,9999-01-01,Senior Staff
20129,Rafael,1965-01-10,1991-03-28,9999-01-01,Engineer
20248,Vidar,1965-01-12,1999-12-31,9999-01-01,Staff
20313,Candida,1965-01-24,1999-01-20,9999-01-01,Engineer
20500,Christoph,1965-01-30,1993-10-15,9999-01-01,Staff
20885,Otmar,1965-01-21,1989-03-14,9999-01-01,Engineer
21181,Jianhui,1965-01-21,1991-10-06,9999-01-01,Assistant Engineer
21188,Piyush,1965-01-21,2000-01-08,9999-01-01,Engineer
21546,Yongmin,1965-01-01,2002-03-19,9999-01-01,Senior Staff
21843,Karsten,1965-01-09,1985-11-29,9999-01-01,Senior Engineer
21909,Mohammed,1965-01-04,1991-12-28,9999-01-01,Senior Staff
22185,Huai,1965-01-29,2002-06-12,9999-01-01,Engineer
22415,Perla,1965-01-20,1994-08-24,9999-01-01,Senior Staff
22451,Jasminko,1965-01-27,1994-01-19,9999-01-01,Staff
22455,Barry,1965-01-06,1990-11-16,9999-01-01,Staff
22926,Manibrata,1965-01-01,1988-01-15,9999-01-01,Senior Engineer
23396,Hilari,1965-01-02,1986-12-15,9999-01-01,Technique Leader
24080,Jaana,1965-01-26,1996-03-11,9999-01-01,Technique Leader
24205,Roddy,1965-01-25,1993-09-19,9999-01-01,Senior Engineer
24377,Lubomir,1965-01-25,1993-07-25,9999-01-01,Engineer
24394,Zhonghui,1965-01-04,1994-09-10,9999-01-01,Staff
24553,Anwar,1965-01-12,1987-01-30,9999-01-01,Staff
24571,Cordelia,1965-01-20,1989-03-14,9999-01-01,Senior Engineer
25488,Ingmar,1965-01-19,1991-11-09,9999-01-01,Staff
26629,Nevin,1965-01-28,1998-12-14,9999-01-01,Senior Staff
26671,Jiakeng,1965-01-21,1994-12-25,9999-01-01,Senior Engineer
26788,Zongyan,1965-01-25,1988-04-23,9999-01-01,Senior Engineer
27331,Wanqing,1965-01-19,1991-01-22,9999-01-01,Staff
27378,Piyawadee,1965-01-28,1999-02-25,9999-01-01,Senior Staff
27620,Shuji,1965-01-25,1990-03-02,9999-01-01,Engineer
27686,Manu,1965-01-28,1998-03-03,9999-01-01,Senior Staff
27699,Falguni,1965-01-15,1996-12-23,9999-01-01,Engineer
27767,Tooru,1965-01-27,1993-11-21,9999-01-01,Senior Staff
28193,Xinglin,1965-01-29,1988-12-14,9999-01-01,Engineer
28974,Chenxi,1965-01-09,1986-09-02,9999-01-01,Senior Engineer
28988,Tua,1965-01-18,1998-09-09,9999-01-01,Technique Leader
29130,Xumin,1965-01-06,1998-04-26,9999-01-01,Staff
29265,Gilbert,1965-01-14,1988-03-21,9999-01-01,Staff
29380,Satoru,1965-01-30,1998-05-02,9999-01-01,Assistant Engineer
29418,Valery,1965-01-22,1998-07-01,9999-01-01,Assistant Engineer
29679,Kolar,1965-01-17,1986-10-18,9999-01-01,Senior Engineer
29782,Jouko,1965-01-29,2000-10-23,9999-01-01,Senior Engineer
29954,Pranay,1965-01-27,1992-09-29,9999-01-01,Senior Engineer
30007,Kousuke,1965-01-24,1990-02-23,9999-01-01,Senior Engineer
30035,Tetsushi,1965-01-08,1995-07-04,9999-01-01,Senior Staff
30154,Mayuko,1965-01-26,1999-04-19,9999-01-01,Technique Leader
30182,Leon,1965-01-26,1985-12-08,9999-01-01,Senior Engineer
30465,Randi,1965-01-28,1986-07-16,9999-01-01,Senior Engineer
30484,Sailaja,1965-01-11,1999-05-18,9999-01-01,Staff
30695,Gudjon,1965-01-08,1999-10-26,9999-01-01,Senior Engineer
30938,Yakkov,1965-01-06,1997-10-10,9999-01-01,Staff
31147,Divine,1965-01-04,1989-07-05,9999-01-01,Senior Staff
31188,Leandro,1965-01-12,1993-02-03,9999-01-01,Technique Leader
31207,Abdelwaheb,1965-01-30,1993-08-05,9999-01-01,Senior Engineer
31341,Oksana,1965-01-01,1991-03-23,9999-01-01,Staff
31514,Harngdar,1965-01-13,1996-11-09,9999-01-01,Senior Engineer
31568,Mark,1965-01-10,1996-11-24,9999-01-01,Staff
31909,Murthy,1965-01-10,2000-10-30,9999-01-01,Engineer
32347,Terresa,1965-01-08,1990-09-15,9999-01-01,Staff
32552,Atreye,1965-01-17,1993-09-10,9999-01-01,Engineer
32649,Ingmar,1965-01-12,1988-06-10,9999-01-01,Senior Staff
32714,Radoslaw,1965-01-16,2001-09-18,9999-01-01,Staff
32844,Tadahiko,1965-01-23,1995-01-07,9999-01-01,Engineer
33025,Jessie,1965-01-12,1999-12-16,9999-01-01,Senior Staff
33215,Steen,1965-01-29,1993-02-14,9999-01-01,Technique Leader
33722,Anwar,1965-01-15,2001-02-03,9999-01-01,Senior Engineer
34077,Angel,1965-01-08,1988-11-16,9999-01-01,Staff
34261,Kyoichi,1965-01-05,1990-12-30,9999-01-01,Staff
34446,Chinhyun,1965-01-31,1986-12-19,9999-01-01,Senior Engineer
34452,Naftaly,1965-01-08,1991-05-10,9999-01-01,Engineer
34505,Felicidad,1965-01-28,1994-09-06,9999-01-01,Staff
34533,Erzsebet,1965-01-10,1995-01-16,9999-01-01,Senior Engineer
34780,Moni,1965-01-16,2001-09-18,9999-01-01,Staff
34788,Ennio,1965-01-27,1994-08-31,9999-01-01,Senior Engineer
34936,Bokyung,1965-01-12,1991-02-12,9999-01-01,Technique Leader
35044,Jiang,1965-01-04,1989-05-27,9999-01-01,Senior Engineer
35087,Leif,1965-01-17,1994-10-14,9999-01-01,Staff
35441,Chandrasekaran,1965-01-31,1990-09-17,9999-01-01,Engineer
35642,Ashish,1965-01-30,1999-02-28,9999-01-01,Engineer
35793,Oscar,1965-01-01,1991-05-11,9999-01-01,Senior Staff
35798,Ulf,1965-01-29,1997-03-15,9999-01-01,Senior Engineer
36521,Serif,1965-01-21,1987-03-06,9999-01-01,Staff
36626,Fen,1965-01-02,1986-05-09,9999-01-01,Senior Staff
36733,Uma,1965-01-04,1997-11-01,9999-01-01,Staff
36844,Hailing,1965-01-01,2000-01-12,9999-01-01,Staff
36982,Kotesh,1965-01-22,1992-06-23,9999-01-01,Senior Engineer
37070,Jeong,1965-01-22,1985-02-13,9999-01-01,Staff
37945,Suzette,1965-01-02,1994-02-19,9999-01-01,Senior Engineer
38043,Michaela,1965-01-05,1985-11-23,9999-01-01,Engineer
38103,Masasuke,1965-01-12,1988-03-31,9999-01-01,Engineer
38168,Fumiko,1965-01-14,1987-08-15,9999-01-01,Senior Staff
38550,JoAnne,1965-01-14,1987-02-16,9999-01-01,Senior Engineer
38593,Huei,1965-01-14,1986-06-04,9999-01-01,Engineer
38947,Shuichi,1965-01-25,1998-04-08,9999-01-01,Staff
39000,Martijn,1965-01-08,1997-03-03,9999-01-01,Senior Staff
39036,Changho,1965-01-08,1996-05-04,9999-01-01,Staff
39301,Rimon,1965-01-07,1992-02-06,9999-01-01,Senior Staff
39341,Mahmut,1965-01-01,1985-05-11,9999-01-01,Engineer
39952,Otmar,1965-01-02,1998-07-22,9999-01-01,Staff
40269,Toshiki,1965-01-10,1991-12-05,9999-01-01,Staff
40283,Sudhanshu,1965-01-07,1985-05-11,9999-01-01,Engineer
40301,Spyrose,1965-01-20,1997-10-20,9999-01-01,Senior Engineer
40536,Harngdar,1965-01-20,1988-02-29,9999-01-01,Senior Engineer
40765,Michaela,1965-01-01,1992-12-21,9999-01-01,Staff
40773,Shimshon,1965-01-09,1986-04-13,9999-01-01,Staff
40983,Marla,1965-01-17,1986-12-01,9999-01-01,Technique Leader
41114,Petter,1965-01-25,1995-12-24,9999-01-01,Technique Leader
41137,Bikash,1965-01-20,1996-01-08,9999-01-01,Senior Staff
41357,Willard,1965-01-06,1997-03-04,9999-01-01,Engineer
41518,Keung,1965-01-11,2001-02-08,9999-01-01,Senior Engineer
41520,Xiong,1965-01-20,1988-03-21,9999-01-01,Senior Engineer
41609,Yucai,1965-01-04,1987-10-13,9999-01-01,Senior Staff
42778,Shuji,1965-01-19,1987-12-18,9999-01-01,Staff
42911,Brigham,1965-01-29,1994-10-08,9999-01-01,Senior Engineer
42950,Shaleah,1965-01-22,1993-10-09,9999-01-01,Senior Staff
42955,Yucel,1965-01-12,1995-02-21,9999-01-01,Engineer
43154,Maha,1965-01-13,1997-07-04,9999-01-01,Staff
43733,Huei,1965-01-26,1993-12-31,9999-01-01,Staff
43848,Phillip,1965-01-11,1999-05-26,9999-01-01,Engineer
44054,Alenka,1965-01-18,1997-02-09,9999-01-01,Engineer
44265,Maria,1965-01-24,1997-01-30,9999-01-01,Engineer
44540,Mingzeng,1965-01-16,1989-11-12,9999-01-01,Senior Engineer
44900,Mark,1965-01-05,1994-08-10,9999-01-01,Staff
44959,Volkmar,1965-01-21,1988-01-16,9999-01-01,Engineer
44962,Sariel,1965-01-16,1996-05-18,9999-01-01,Assistant Engineer
45162,Dulce,1965-01-11,1987-10-19,9999-01-01,Senior Engineer
46000,Zhaofang,1965-01-26,1997-07-24,9999-01-01,Staff
46328,Wuxu,1965-01-05,1997-01-27,9999-01-01,Senior Staff
46811,Junsik,1965-01-10,1988-04-27,9999-01-01,Senior Engineer
46834,Tooru,1965-01-22,1998-03-20,9999-01-01,Senior Staff
46943,Pasqua,1965-01-31,1993-12-06,9999-01-01,Engineer
47016,Toong,1965-01-03,1989-03-01,9999-01-01,Staff
47139,Marco,1965-01-25,1996-10-29,9999-01-01,Engineer
47262,Gonzalo,1965-01-10,1985-08-16,9999-01-01,Senior Engineer
47515,Naraig,1965-01-26,1987-01-18,9999-01-01,Senior Engineer
47702,Juyoung,1965-01-21,1991-08-12,9999-01-01,Senior Staff
47708,Edwin,1965-01-05,1995-07-12,9999-01-01,Senior Staff
48275,Sariel,1965-01-29,1987-11-20,9999-01-01,Senior Staff
48690,Hitomi,1965-01-12,1999-09-27,9999-01-01,Staff
48882,Leen,1965-01-28,1993-06-07,9999-01-01,Senior Engineer
48904,Yuichiro,1965-01-23,1994-03-07,9999-01-01,Staff
48947,Filipp,1965-01-05,1992-05-20,9999-01-01,Senior Staff
49010,Kazuhisa,1965-01-16,1990-03-30,9999-01-01,Staff
49017,Filipp,1965-01-07,1990-11-26,9999-01-01,Senior Engineer
49119,Lena,1965-01-09,1991-05-16,9999-01-01,Senior Engineer
49177,Tze,1965-01-03,1999-03-09,9999-01-01,Engineer
49464,Siddarth,1965-01-14,1999-09-10,9999-01-01,Staff
49477,Baocai,1965-01-14,1998-08-05,9999-01-01,Senior Staff
50293,Xinan,1965-01-26,1996-10-08,9999-01-01,Engineer
50311,Mooi,1965-01-24,1996-10-06,9999-01-01,Senior Engineer
50453,Aron,1965-01-12,1997-10-02,9999-01-01,Staff
50670,Boguslaw,1965-01-30,1985-02-20,9999-01-01,Staff
50831,Marie,1965-01-06,1996-06-11,9999-01-01,Senior Engineer
51036,Chriss,1965-01-29,1995-05-23,9999-01-01,Staff
51057,Theirry,1965-01-29,1991-09-27,9999-01-01,Senior Staff
51060,Youngkon,1965-01-15,1989-10-20,9999-01-01,Engineer
51142,Rosine,1965-01-29,1986-01-31,9999-01-01,Senior Engineer
52038,Chikako,1965-01-13,1985-05-18,9999-01-01,Senior Engineer
52040,Phule,1965-01-14,1996-12-08,9999-01-01,Senior Staff
52283,Trygve,1965-01-20,1994-03-11,9999-01-01,Senior Staff
52386,Adas,1965-01-28,1986-05-30,9999-01-01,Senior Staff
52590,Jouni,1965-01-21,1996-10-07,9999-01-01,Senior Staff
52599,Augustine,1965-01-25,1994-01-13,9999-01-01,Senior Engineer
52639,Arup,1965-01-09,1996-02-05,9999-01-01,Senior Staff
52770,Shugo,1965-01-31,1992-08-28,9999-01-01,Senior Staff
52778,Alain,1965-01-15,1986-05-03,9999-01-01,Technique Leader
52956,Khalil,1965-01-31,1998-11-24,9999-01-01,Engineer
52970,Lobel,1965-01-22,1988-03-17,9999-01-01,Senior Engineer
53278,Premsyl,1965-01-31,1993-02-01,9999-01-01,Staff
53314,Eberhardt,1965-01-06,1999-02-23,9999-01-01,Staff
53431,Sham,1965-01-12,1993-05-24,9999-01-01,Senior Staff
53499,Zdislav,1965-01-20,1994-09-11,9999-01-01,Senior Engineer
53597,Jiafu,1965-01-30,1985-03-02,9999-01-01,Senior Engineer
53874,Bodo,1965-01-23,1986-02-14,9999-01-01,Staff
53924,Arnould,1965-01-27,1991-01-23,9999-01-01,Senior Engineer
54198,Shaowen,1965-01-01,1986-01-06,9999-01-01,Senior Engineer
54632,Etsuo,1965-01-19,1989-06-14,9999-01-01,Staff
54795,Sumant,1965-01-29,1994-03-02,9999-01-01,Senior Staff
54800,Breannda,1965-01-13,2000-01-27,9999-01-01,Staff
55640,Adit,1965-01-25,1993-07-16,9999-01-01,Senior Engineer
55687,Shih,1965-01-02,1995-03-29,9999-01-01,Senior Engineer
55799,Jianwen,1965-01-23,1987-06-17,9999-01-01,Senior Engineer
55857,Adin,1965-01-18,1987-09-15,9999-01-01,Staff
56105,Makato,1965-01-11,1989-04-16,9999-01-01,Engineer
56209,Remzi,1965-01-19,1992-12-01,9999-01-01,Senior Engineer
56415,Sigeru,1965-01-30,1991-10-24,9999-01-01,Staff
56428,Olivera,1965-01-27,1986-11-10,9999-01-01,Staff
56682,Roded,1965-01-28,1993-11-06,9999-01-01,Assistant Engineer
56829,Nagui,1965-01-09,1997-06-14,9999-01-01,Engineer
56847,Menkae,1965-01-14,1998-08-27,9999-01-01,Senior Engineer
57934,Sanjoy,1965-01-25,1989-12-27,9999-01-01,Senior Engineer
58141,Bezalel,1965-01-05,1994-09-27,9999-01-01,Staff
58147,Shigenori,1965-01-09,1988-02-24,9999-01-01,Senior Staff
58384,Mariusz,1965-01-22,1993-11-14,9999-01-01,Senior Engineer
58454,Ziya,1965-01-25,1999-06-29,9999-01-01,Engineer
58497,Yechiam,1965-01-22,2000-10-21,9999-01-01,Senior Staff
58819,Gennady,1965-01-04,1987-12-02,9999-01-01,Senior Staff
58990,Palash,1965-01-04,1998-11-18,9999-01-01,Engineer
59195,Ronnie,1965-01-08,1990-06-19,9999-01-01,Technique Leader
59640,Zita,1965-01-18,1999-01-26,9999-01-01,Staff
59869,Zsolt,1965-02-01,1987-09-25,9999-01-01,Senior Staff
59966,Steen,1965-01-28,1993-02-03,9999-01-01,Technique Leader
60000,Heekeun,1965-01-16,1995-09-23,9999-01-01,Engineer
60091,Surveyors,1965-02-01,1990-04-11,9999-01-01,Senior Staff
60238,Erzsebet,1965-01-23,1999-02-19,9999-01-01,Staff
60559,Jeanna,1965-01-19,1988-08-29,9999-01-01,Senior Engineer
60821,Moty,1965-01-02,1991-09-03,9999-01-01,Staff
60845,Bedir,1965-01-14,1997-05-13,9999-01-01,Engineer
60875,Rildo,1965-01-21,1990-01-14,9999-01-01,Senior Engineer
60959,Tetsushi,1965-01-09,1989-10-19,9999-01-01,Staff
61147,Leszek,1965-01-30,1999-03-03,9999-01-01,Staff
61253,Cheong,1965-01-09,2002-05-09,9999-01-01,Engineer
61377,Dannz,1965-01-01,1997-04-13,9999-01-01,Senior Staff
61541,Kasidit,1965-01-08,1993-08-17,9999-01-01,Senior Engineer
61873,Woody,1965-01-19,1993-02-26,9999-01-01,Assistant Engineer
62033,Heeju,1965-01-24,1987-01-15,9999-01-01,Engineer
62046,Karlis,1965-01-31,1992-09-19,9999-01-01,Senior Engineer
62245,Adel,1965-01-01,1995-08-30,9999-01-01,Engineer
63294,Tetsushi,1965-01-23,1997-03-01,9999-01-01,Senior Engineer
63419,Hiroyasu,1965-01-14,1989-03-05,9999-01-01,Senior Engineer
63441,Hinrich,1965-01-15,1999-04-04,9999-01-01,Staff
63566,Heekeun,1965-01-31,1999-01-12,9999-01-01,Senior Staff
63631,Falguni,1965-01-22,1987-10-15,9999-01-01,Senior Engineer
63706,Sedat,1965-01-26,1997-07-31,9999-01-01,Engineer
64023,Laurentiu,1965-01-11,1999-11-08,9999-01-01,Senior Engineer
64209,Golgen,1965-01-24,1988-02-26,9999-01-01,Senior Staff
64487,Tsutomu,1965-01-27,1986-09-17,9999-01-01,Engineer
64532,Atilio,1965-01-23,1990-11-29,9999-01-01,Senior Engineer
64632,Zsolt,1965-01-07,1996-02-21,9999-01-01,Senior Staff
64790,Shin,1965-01-29,1985-04-19,9999-01-01,Engineer
64828,Krister,1965-01-27,1999-09-30,9999-01-01,Staff
64984,Eldridge,1965-01-06,1994-08-04,9999-01-01,Senior Engineer
65171,Jeane,1965-01-25,1994-07-06,9999-01-01,Technique Leader
65539,Aksel,1965-01-23,1991-01-27,9999-01-01,Engineer
65883,Patricia,1965-01-07,1991-04-19,9999-01-01,Senior Staff
65998,Mandell,1965-01-09,1989-04-08,9999-01-01,Staff
66382,Domenico,1965-01-04,1997-07-13,9999-01-01,Engineer
66530,Dung,1965-01-29,1998-04-04,9999-01-01,Staff
66643,Jianhao,1965-01-18,1996-08-26,9999-01-01,Engineer
66702,Deniz,1965-02-01,1994-09-27,9999-01-01,Engineer
66757,Yonghong,1965-01-16,1999-04-10,9999-01-01,Staff
66807,Aiman,1965-01-21,1990-05-22,9999-01-01,Senior Engineer
67320,Sadok,1965-01-18,1987-05-10,9999-01-01,Senior Staff
67548,Fumitaka,1965-01-11,1998-06-27,9999-01-01,Staff
67934,Aiman,1965-01-07,1985-03-07,9999-01-01,Engineer
68416,Munenori,1965-01-27,1990-11-08,9999-01-01,Senior Engineer
68608,Yucai,1965-01-26,1989-06-09,9999-01-01,Senior Engineer
68633,Chinhyun,1965-01-28,1993-07-29,9999-01-01,Senior Engineer
68648,Jaques,1965-01-25,1992-04-01,9999-01-01,Technique Leader
69052,Shietung,1965-01-26,1995-08-05,9999-01-01,Senior Staff
69219,Shuky,1965-01-09,1994-11-19,9999-01-01,Senior Staff
69867,Miyeon,1965-01-22,1991-04-09,9999-01-01,Staff
69878,Chinya,1965-01-24,1997-01-29,9999-01-01,Engineer
69936,Lalit,1965-01-23,1999-01-31,9999-01-01,Assistant Engineer
70469,Tru,1965-01-12,1990-09-03,9999-01-01,Staff
70990,Arumugam,1965-01-22,1990-03-23,9999-01-01,Senior Engineer
71066,Domenick,1965-01-27,1996-01-05,9999-01-01,Senior Staff
71141,Sajjad,1965-01-02,1992-02-17,9999-01-01,Staff
71188,Pranjal,1965-01-02,1986-12-14,9999-01-01,Senior Staff
71243,Kinh,1965-01-10,1986-03-29,9999-01-01,Engineer
71334,Cathie,1965-01-15,2001-03-04,9999-01-01,Senior Engineer
71685,Kristinn,1965-01-01,1989-10-03,9999-01-01,Senior Engineer
71710,Hitomi,1965-01-31,1997-12-15,9999-01-01,Assistant Engineer
71745,Adil,1965-01-02,1992-05-13,9999-01-01,Engineer
72190,Sajjad,1965-01-19,1999-09-13,9999-01-01,Engineer
72194,Feiyu,1965-01-26,1998-10-01,9999-01-01,Senior Engineer
72232,Naraig,1965-01-10,1989-07-10,9999-01-01,Engineer
72640,Honglan,1965-01-24,1993-10-04,9999-01-01,Senior Engineer
72918,Takahira,1965-01-22,1988-01-16,9999-01-01,Senior Staff
73076,Froduald,1965-01-22,1993-03-16,9999-01-01,Senior Engineer
73233,Shigeo,1965-01-15,1985-07-30,9999-01-01,Senior Engineer
73516,Qingxiang,1965-01-14,1989-06-25,9999-01-01,Senior Engineer
73743,Anneke,1965-01-15,2000-10-15,9999-01-01,Engineer
74200,Holgard,1965-01-16,1991-09-24,9999-01-01,Senior Engineer
74344,Hiroyasu,1965-02-01,1994-11-25,9999-01-01,Engineer
74668,Masako,1965-01-01,1987-04-09,9999-01-01,Senior Staff
74800,Yuuichi,1965-01-25,1989-03-08,9999-01-01,Engineer
75354,Shuky,1965-01-11,1986-06-16,9999-01-01,Senior Engineer
75703,Kyoichi,1965-01-08,1996-07-25,9999-01-01,Engineer
76189,Kolar,1965-01-02,1986-10-20,9999-01-01,Engineer
76201,Arif,1965-01-10,1992-04-02,9999-01-01,Senior Engineer
76640,Tristan,1965-01-02,1994-07-13,9999-01-01,Engineer
77030,Faiza,1965-01-02,1986-03-02,9999-01-01,Technique Leader
77303,Xinglin,1965-01-18,1992-03-05,9999-01-01,Staff
77647,Niranjan,1965-01-07,1989-11-05,9999-01-01,Technique Leader
77815,Ronghao,1965-01-21,1993-06-09,9999-01-01,Engineer
78106,Ashish,1965-01-09,2000-01-17,9999-01-01,Senior Staff
78363,Susumu,1965-01-03,1998-06-23,9999-01-01,Engineer
78469,Leucio,1965-01-28,1997-08-22,9999-01-01,Staff
78871,Conor,1965-01-15,1985-05-25,9999-01-01,Senior Engineer
79043,Katsuo,1965-01-24,1999-11-07,9999-01-01,Technique Leader
79171,Guiseppe,1965-01-19,1991-01-12,9999-01-01,Senior Engineer
79310,Jeong,1965-01-24,1996-10-27,9999-01-01,Senior Staff
79606,Arnd,1965-01-03,1986-12-11,9999-01-01,Senior Engineer
79763,Sanjoy,1965-01-20,1988-04-09,9999-01-01,Senior Staff
79895,Fei,1965-01-30,1986-01-19,9999-01-01,Senior Staff
80067,Kazuhisa,1965-01-19,1985-11-09,9999-01-01,Staff
80203,Shakhar,1965-01-22,1993-12-01,9999-01-01,Staff
80432,Stella,1965-01-17,1990-03-14,9999-01-01,Senior Staff
80731,Shaowen,1965-01-25,1987-12-05,9999-01-01,Staff
80850,Koldo,1965-02-01,1995-04-16,9999-01-01,Senior Engineer
80889,Shigeo,1965-01-07,1985-07-30,9999-01-01,Senior Engineer
80948,Harjit,1965-01-27,1991-05-24,9999-01-01,Engineer
81105,Jaewon,1965-01-14,1992-05-24,9999-01-01,Engineer
81545,Larisa,1965-01-13,2000-02-07,9999-01-01,Technique Leader
81644,Divine,1965-01-05,1997-11-28,9999-01-01,Staff
81995,Sreekrishna,1965-01-10,1990-03-22,9999-01-01,Engineer
82069,Yechezkel,1965-01-20,1994-11-03,9999-01-01,Engineer
82098,Poornachandra,1965-01-25,1991-04-20,9999-01-01,Engineer
82351,Stevo,1965-01-26,1989-10-27,9999-01-01,Senior Staff
82511,Uwe,1965-01-27,1998-04-04,9999-01-01,Engineer
82919,Shigeu,1965-01-05,1998-12-19,9999-01-01,Engineer
82928,Alselm,1965-01-27,1990-11-16,9999-01-01,Engineer
83280,Francesca,1965-01-07,1999-08-08,9999-01-01,Senior Engineer
83289,Shigeichiro,1965-01-09,1994-01-09,9999-01-01,Senior Engineer
83509,Breannda,1965-01-04,1989-10-12,9999-01-01,Senior Engineer
83544,Leaf,1965-01-18,1994-09-05,9999-01-01,Senior Staff
83714,Ohad,1965-01-27,2000-10-10,9999-01-01,Senior Engineer
83805,Manohar,1965-01-23,1987-03-11,9999-01-01,Senior Engineer
83941,Zsolt,1965-01-11,1996-10-08,9999-01-01,Senior Staff
84029,Babette,1965-01-27,1997-09-21,9999-01-01,Staff
84179,Shuichi,1965-01-25,1989-03-14,9999-01-01,Senior Engineer
84236,Eberhardt,1965-01-18,1987-06-04,9999-01-01,Staff
84315,Kristina,1965-01-23,1996-09-26,9999-01-01,Assistant Engineer
84451,Shiv,1965-01-20,1998-06-14,9999-01-01,Senior Engineer
84508,Tommaso,1965-01-17,1998-05-02,9999-01-01,Engineer
84840,Sverrir,1965-01-14,1996-11-03,9999-01-01,Staff
84922,Parke,1965-01-22,1996-07-01,9999-01-01,Engineer
84942,Shin,1965-01-15,1988-02-23,9999-01-01,Technique Leader
85216,Ferdinand,1965-01-18,1997-07-08,9999-01-01,Senior Staff
85288,Younwoo,1965-01-06,1998-12-08,9999-01-01,Senior Engineer
85414,Chiradeep,1965-01-14,1999-07-30,9999-01-01,Staff
85445,Yongdong,1965-01-09,1998-03-17,9999-01-01,Staff
85702,Udi,1965-01-04,1997-08-15,9999-01-01,Engineer
85874,Pasqua,1965-01-30,1986-06-23,9999-01-01,Senior Staff
86213,Kristine,1965-01-28,1993-06-01,9999-01-01,Senior Staff
86354,Ronghao,1965-01-27,1993-09-13,9999-01-01,Senior Engineer
86422,Jaewon,1965-02-01,1985-09-14,9999-01-01,Senior Staff
86546,Oldrich,1965-01-09,1985-05-15,9999-01-01,Senior Engineer
86655,Zhenhua,1965-01-01,1995-08-21,9999-01-01,Engineer
86672,JoAnne,1965-01-15,1995-09-15,9999-01-01,Staff
87129,Keung,1965-01-16,1997-04-13,9999-01-01,Staff
87353,Quingbo,1965-01-07,1999-01-17,9999-01-01,Senior Engineer
87714,Khun,1965-01-16,1989-09-13,9999-01-01,Engineer
87729,Yongmin,1965-01-24,1986-12-10,9999-01-01,Staff
87783,Conor,1965-01-26,1988-02-24,9999-01-01,Senior Engineer
88103,Goo,1965-01-09,1999-01-31,9999-01-01,Senior Staff
88411,Lena,1965-01-31,2000-01-28,9999-01-01,Engineer
88422,Jungsoon,1965-01-28,1985-04-03,9999-01-01,Technique Leader
88647,Vasiliy,1965-01-10,1995-08-09,9999-01-01,Engineer
88958,Vojin,1965-01-22,1995-07-23,9999-01-01,Staff
88965,Mang,1965-01-20,1995-05-22,9999-01-01,Engineer
89048,Otmar,1965-01-24,1985-03-23,9999-01-01,Senior Engineer
89090,Tetsushi,1965-01-26,1990-02-01,9999-01-01,Senior Staff
89161,Conal,1965-01-07,1991-01-12,9999-01-01,Staff
89207,Along,1965-01-15,1992-10-16,9999-01-01,Staff
89346,Mansur,1965-01-13,1999-08-31,9999-01-01,Engineer
89590,Guther,1965-01-27,1991-08-08,9999-01-01,Senior Staff
89664,Pranjal,1965-01-20,1998-07-07,9999-01-01,Staff
89680,Aiman,1965-01-27,1988-05-01,9999-01-01,Senior Engineer
89806,Xiadong,1965-01-27,1997-05-24,9999-01-01,Senior Engineer
89922,Alexius,1965-01-26,1988-04-24,9999-01-01,Engineer
89941,Arnould,1965-01-23,1989-07-28,9999-01-01,Senior Staff
90077,Vivian,1965-01-24,1991-07-08,9999-01-01,Assistant Engineer
90084,Renny,1965-01-01,1989-11-22,9999-01-01,Senior Engineer
90211,Bader,1965-01-15,1997-10-06,9999-01-01,Engineer
90292,Koichi,1965-01-09,1990-05-26,9999-01-01,Engineer
90518,Fumiko,1965-01-24,1988-01-28,9999-01-01,Staff
90614,Yonghoan,1965-01-29,1988-09-23,9999-01-01,Engineer
90692,Rajmohan,1965-01-03,1985-09-14,9999-01-01,Staff
91172,Kazuhisa,1965-01-19,1987-07-16,9999-01-01,Staff
91182,Lucien,1965-01-04,1988-08-25,9999-01-01,Senior Engineer
91229,Yahiko,1965-01-01,1996-10-03,9999-01-01,Senior Engineer
91256,Gunilla,1965-01-13,1998-01-09,9999-01-01,Staff
91333,Lobel,1965-01-27,1998-11-29,9999-01-01,Staff
91415,Jamaludin,1965-01-04,1987-01-15,9999-01-01,Senior Staff
91648,Dmitry,1965-01-29,1988-10-22,9999-01-01,Staff
92438,Aria,1965-01-04,1992-04-11,9999-01-01,Engineer
92454,Visit,1965-01-24,1987-10-22,9999-01-01,Senior Engineer
92577,Zhanqiu,1965-01-06,1999-01-10,9999-01-01,Assistant Engineer
92598,Ranga,1965-01-18,1996-05-11,9999-01-01,Assistant Engineer
92685,Mang,1965-01-26,1995-06-07,9999-01-01,Senior Staff
92841,Claude,1965-01-22,1993-08-04,9999-01-01,Senior Staff
92846,Anyuan,1965-01-11,1986-09-05,9999-01-01,Senior Staff
92920,Huei,1965-01-20,1993-01-28,9999-01-01,Senior Engineer
93040,Jaques,1965-01-19,1992-03-13,9999-01-01,Senior Engineer
93220,Richara,1965-01-11,1996-08-27,9999-01-01,Senior Engineer
93278,Magdalena,1965-02-01,1997-01-04,9999-01-01,Senior Engineer
93549,Arie,1965-02-01,2000-03-28,9999-01-01,Staff
93600,Kristina,1965-01-13,1988-04-18,9999-01-01,Technique Leader
94331,Ramzi,1965-01-26,1999-09-03,9999-01-01,Technique Leader
94416,Aran,1965-01-01,2001-11-20,9999-01-01,Senior Staff
94761,Hitofumi,1965-01-27,1988-11-22,9999-01-01,Senior Engineer
94944,Heping,1965-01-13,1988-06-24,9999-01-01,Senior Engineer
95181,Yishai,1965-01-28,1997-01-30,9999-01-01,Staff
95286,Kristin,1965-01-18,1989-08-23,9999-01-01,Engineer
95314,Rasiah,1965-01-22,1991-08-21,9999-01-01,Staff
95406,Alair,1965-01-08,1997-07-12,9999-01-01,Engineer
95416,Gianluca,1965-01-13,1993-11-29,9999-01-01,Engineer
95509,Kristinn,1965-01-11,1995-02-08,9999-01-01,Engineer
95920,Nobuyoshi,1965-01-19,1994-09-07,9999-01-01,Staff
96571,Kokou,1965-01-13,1997-11-05,9999-01-01,Senior Engineer
96579,Mohan,1965-01-18,1996-02-10,9999-01-01,Engineer
96767,Arumugam,1965-01-07,1985-08-14,9999-01-01,Engineer
97018,Jeanna,1965-01-09,1989-01-01,9999-01-01,Engineer
97623,Haldon,1965-01-25,1990-09-11,9999-01-01,Staff
97661,Avishai,1965-01-31,1993-05-08,9999-01-01,Staff
98288,Sumali,1965-01-12,1989-09-12,9999-01-01,Senior Staff
98306,Ziya,1965-01-16,1999-06-24,9999-01-01,Senior Engineer
98639,Florina,1965-01-29,1996-05-18,9999-01-01,Staff
99057,Shugo,1965-01-30,1999-06-21,9999-01-01,Staff
99373,Xiaobin,1965-01-13,1985-12-25,9999-01-01,Senior Staff
99377,Carrsten,1965-01-18,1991-06-16,9999-01-01,Senior Engineer
99590,Dhritiman,1965-01-24,1998-12-16,9999-01-01,Staff
99654,Mahendra,1965-01-30,1985-09-28,9999-01-01,Senior Staff
100865,Hisao,1965-01-19,1990-10-03,9999-01-01,Engineer
100916,Heejo,1965-01-18,1992-04-22,9999-01-01,Engineer
101487,Abdelaziz,1965-01-14,1991-01-31,9999-01-01,Staff
101647,Mori,1965-01-22,1994-05-10,9999-01-01,Staff
101902,Mantis,1965-01-14,1991-03-18,9999-01-01,Senior Staff
102620,Adin,1965-01-03,1999-08-12,9999-01-01,Engineer
103196,Djenana,1965-01-16,1988-07-16,9999-01-01,Staff
103310,Visit,1965-01-07,1995-10-02,9999-01-01,Senior Staff
103316,Susanne,1965-01-03,1994-07-27,9999-01-01,Senior Engineer
103342,Beshir,1965-01-03,1998-02-03,9999-01-01,Engineer
103756,Heping,1965-01-31,1992-04-08,9999-01-01,Assistant Engineer
104133,Pranjal,1965-01-31,1991-07-03,9999-01-01,Staff
104845,Werner,1965-01-29,1992-06-17,9999-01-01,Staff
104988,Parviz,1965-01-07,1992-08-08,9999-01-01,Engineer
105342,Kwun,1965-01-01,1999-07-29,9999-01-01,Technique Leader
105356,Diederik,1965-01-29,1995-03-08,9999-01-01,Engineer
105432,Mohamadou,1965-01-08,1995-09-12,9999-01-01,Senior Engineer
105520,Haldun,1965-01-01,1987-01-29,9999-01-01,Senior Staff
105731,Sachem,1965-01-15,1990-08-20,9999-01-01,Assistant Engineer
106096,Naftali,1965-01-14,1992-12-02,9999-01-01,Senior Engineer
106242,Nevio,1965-02-01,1988-03-25,9999-01-01,Staff
106695,Lijie,1965-01-31,1988-10-26,9999-01-01,Staff
106710,Babette,1965-01-31,1986-11-22,9999-01-01,Staff
107486,Siamak,1965-01-23,1987-02-11,9999-01-01,Senior Engineer
107737,Fabrizio,1965-01-23,1999-07-31,9999-01-01,Senior Engineer
107792,Shahab,1965-01-13,1992-03-18,9999-01-01,Senior Staff
107828,Ramya,1965-01-26,1989-02-03,9999-01-01,Senior Staff
108091,Hisao,1965-01-09,1985-11-14,9999-01-01,Senior Staff
108198,Randi,1965-01-24,1992-10-20,9999-01-01,Staff
108316,Shai,1965-01-02,1992-05-21,9999-01-01,Senior Engineer
108988,Oksana,1965-01-19,1989-07-20,9999-01-01,Staff
109062,Jamaludin,1965-02-01,1992-06-19,9999-01-01,Senior Engineer
109211,Gor,1965-01-11,2002-06-18,9999-01-01,Senior Engineer
109252,Moty,1965-01-15,1991-04-28,9999-01-01,Technique Leader
109278,Bangqing,1965-01-21,1988-03-22,9999-01-01,Staff
109552,Menkae,1965-01-31,1997-05-21,9999-01-01,Engineer
109598,Stamatina,1965-02-01,1988-07-05,9999-01-01,Senior Staff
109620,Mani,1965-01-02,1989-06-21,9999-01-01,Staff
109703,Arco,1965-01-17,1999-08-16,9999-01-01,Engineer
109741,Hatem,1965-01-11,1991-11-13,9999-01-01,Senior Engineer
109953,Godehard,1965-01-26,1988-04-10,9999-01-01,Staff
200267,Chuanti,1965-01-08,1994-09-21,9999-01-01,Senior Staff
200312,Akemi,1965-01-27,2001-11-13,9999-01-01,Senior Engineer
200363,Kirk,1965-01-10,1987-06-30,9999-01-01,Engineer
200735,Dinah,1965-01-09,1992-09-21,9999-01-01,Senior Staff
200789,Susumu,1965-01-14,1991-12-15,9999-01-01,Staff
201229,Alejandra,1965-01-03,1994-07-30,9999-01-01,Staff
201708,Anneli,1965-01-15,1992-09-08,9999-01-01,Senior Staff
201709,Fan,1965-01-01,1988-02-25,9999-01-01,Senior Staff
201739,Genta,1965-01-16,1998-07-21,9999-01-01,Assistant Engineer
201801,Waiman,1965-01-12,1988-10-30,9999-01-01,Engineer
201915,Sudharsan,1965-01-02,1992-03-30,9999-01-01,Senior Engineer
202291,Ortrun,1965-01-16,1997-07-18,9999-01-01,Engineer
202403,Gully,1965-01-09,1999-07-07,9999-01-01,Engineer
202414,Zvonko,1965-01-13,1992-01-07,9999-01-01,Senior Staff
202552,Morris,1965-01-05,1991-11-22,9999-01-01,Senior Engineer
202826,Kerhong,1965-01-19,1986-11-14,9999-01-01,Senior Engineer
202882,Isaac,1965-01-25,1995-09-28,9999-01-01,Senior Engineer
202950,Giordano,1965-01-17,1987-03-26,9999-01-01,Senior Staff
203474,Hugh,1965-01-03,1991-07-06,9999-01-01,Staff
203495,Zongyan,1965-01-02,1997-05-31,9999-01-01,Technique Leader
203599,Ewing,1965-01-21,2000-02-01,9999-01-01,Technique Leader
203720,Sasan,1965-01-30,1996-08-21,9999-01-01,Senior Staff
203946,Yefim,1965-01-23,1993-03-30,9999-01-01,Staff
204117,Jessie,1965-01-10,2000-12-13,9999-01-01,Staff
204133,Susuma,1965-01-22,1996-02-25,9999-01-01,Senior Staff
204246,Arve,1965-01-09,1985-04-01,9999-01-01,Staff
204425,Gretta,1965-01-03,1990-10-08,9999-01-01,Senior Engineer
204470,Hein,1965-01-22,1998-05-02,9999-01-01,Staff
204471,Franziska,1965-01-27,1986-02-17,9999-01-01,Senior Engineer
204764,Susanne,1965-01-22,1990-11-02,9999-01-01,Senior Engineer
205018,Yahiko,1965-01-26,1998-08-05,9999-01-01,Engineer
205085,Moni,1965-01-23,1991-09-26,9999-01-01,Technique Leader
205174,Leszek,1965-01-05,1998-12-10,9999-01-01,Staff
205500,Mary,1965-01-04,1989-01-13,9999-01-01,Senior Engineer
205627,Stabislas,1965-01-21,1996-07-16,9999-01-01,Engineer
205660,Kien,1965-01-27,2000-10-24,9999-01-01,Staff
205699,Youjian,1965-01-31,1994-12-07,9999-01-01,Staff
205789,Limsoon,1965-01-31,1999-08-10,9999-01-01,Senior Staff
205863,Aiichiro,1965-01-06,1990-10-04,9999-01-01,Engineer
206748,Yucai,1965-01-07,1999-10-06,9999-01-01,Staff
206836,Guadalupe,1965-01-12,1993-03-22,9999-01-01,Staff
206966,Tzu,1965-01-21,1987-11-17,9999-01-01,Engineer
207021,Jacqueline,1965-01-20,1997-12-06,9999-01-01,Engineer
207068,Zhiguo,1965-01-13,1994-09-07,9999-01-01,Senior Staff
207204,Kellie,1965-01-25,1991-01-17,9999-01-01,Engineer
207401,Shuji,1965-01-04,1987-08-10,9999-01-01,Senior Staff
207551,Baziley,1965-01-15,1995-02-18,9999-01-01,Assistant Engineer
207779,Chinya,1965-01-16,1992-05-31,9999-01-01,Senior Staff
207980,Remko,1965-01-07,1990-11-22,9999-01-01,Staff
208147,Manu,1965-01-09,1988-12-06,9999-01-01,Senior Engineer
208330,Shen,1965-01-11,1989-07-03,9999-01-01,Staff
208639,Larisa,1965-01-27,1996-10-30,9999-01-01,Senior Staff
208653,Phillip,1965-01-23,1989-03-03,9999-01-01,Engineer
208784,Pranjal,1965-01-30,1985-03-21,9999-01-01,Senior Engineer
209101,Xinyu,1965-01-05,1997-10-26,9999-01-01,Senior Engineer
209443,Krassimir,1965-01-19,1998-01-26,9999-01-01,Senior Staff
209565,Dante,1965-01-09,1989-05-28,9999-01-01,Staff
209712,Nimmagadda,1965-01-17,1987-10-30,9999-01-01,Engineer
210017,Shalesh,1965-01-28,1990-09-29,9999-01-01,Staff
210292,Lihong,1965-01-18,1996-04-28,9999-01-01,Staff
210449,Gino,1965-01-19,1997-06-22,9999-01-01,Engineer
210752,Saniya,1965-01-25,1986-12-10,9999-01-01,Senior Staff
210786,Werner,1965-01-31,1998-06-05,9999-01-01,Staff
211858,Domenico,1965-01-08,1985-03-24,9999-01-01,Senior Engineer
211879,Gao,1965-01-12,1994-11-24,9999-01-01,Senior Engineer
211967,Anwar,1965-01-07,1989-01-22,9999-01-01,Engineer
212093,Leni,1965-01-11,1993-11-19,9999-01-01,Staff
212154,Sailaja,1965-01-17,1991-03-04,9999-01-01,Staff
212361,Claudi,1965-01-16,1996-01-07,9999-01-01,Engineer
213016,Yongmao,1965-01-22,1993-07-26,9999-01-01,Senior Engineer
213140,Tru,1965-01-10,1997-03-31,9999-01-01,Staff
213384,Pranas,1965-01-04,1985-09-26,9999-01-01,Engineer
213447,Armond,1965-02-01,1989-09-14,9999-01-01,Engineer
214215,Xiaoqiang,1965-01-25,1993-05-28,9999-01-01,Senior Staff
214391,Rayond,1965-01-15,1993-09-11,9999-01-01,Staff
214427,Peer,1965-01-29,1996-11-17,9999-01-01,Engineer
214539,Ingmar,1965-01-27,1995-04-25,9999-01-01,Engineer
214634,Shirish,1965-01-12,1989-10-24,9999-01-01,Engineer
214789,Arfst,1965-01-28,1989-02-06,9999-01-01,Engineer
214866,Gopalakrishnan,1965-02-01,1997-07-05,9999-01-01,Senior Engineer
214995,Dinkar,1965-01-12,1994-05-04,9999-01-01,Engineer
215419,Flemming,1965-01-16,1995-01-23,9999-01-01,Staff
215629,Munehiro,1965-01-15,1987-05-18,9999-01-01,Staff
215746,Sven,1965-01-08,1999-07-08,9999-01-01,Staff
215843,Pramod,1965-01-30,1987-03-31,9999-01-01,Staff
216054,Sahrah,1965-01-24,1986-07-31,9999-01-01,Senior Staff
216342,Aiichiro,1965-01-22,1995-06-10,9999-01-01,Senior Engineer
216375,Byong,1965-01-16,1985-03-12,9999-01-01,Senior Engineer
216502,Xiaocheng,1965-01-26,1997-12-15,9999-01-01,Engineer
216573,Ashish,1965-01-29,1989-06-16,9999-01-01,Senior Engineer
216921,Lena,1965-01-22,1990-12-25,9999-01-01,Staff
217026,Otmar,1965-01-11,1993-08-16,9999-01-01,Staff
217080,Masami,1965-01-12,2000-01-21,9999-01-01,Senior Engineer
217272,Yuchang,1965-01-21,1986-08-01,9999-01-01,Senior Staff
217286,Yannik,1965-01-05,1992-09-22,9999-01-01,Technique Leader
217320,Abdelwaheb,1965-01-10,1993-09-10,9999-01-01,Engineer
217363,Horward,1965-01-14,1996-04-11,9999-01-01,Staff
217387,Jianhao,1965-01-21,1987-10-22,9999-01-01,Senior Engineer
217551,Panayotis,1965-01-02,1989-06-06,9999-01-01,Engineer
217800,Shay,1965-02-01,1998-08-06,9999-01-01,Senior Staff
218022,Mokhtar,1965-01-26,1992-02-02,9999-01-01,Technique Leader
218100,Jiong,1965-01-24,1990-01-02,9999-01-01,Staff
218831,Unal,1965-01-16,1996-03-13,9999-01-01,Engineer
219035,Kristine,1965-01-18,1988-05-13,9999-01-01,Technique Leader
219047,Aemilian,1965-01-30,1987-05-27,9999-01-01,Senior Engineer
219052,Marsal,1965-01-06,1995-08-02,9999-01-01,Staff
219417,Subhrajyoti,1965-01-29,1996-07-25,9999-01-01,Staff
219497,Moie,1965-01-22,1991-10-11,9999-01-01,Technique Leader
219967,Susanna,1965-01-16,1998-03-16,9999-01-01,Senior Staff
220029,Demos,1965-01-17,1985-11-04,9999-01-01,Senior Engineer
220131,Reinhard,1965-01-09,1994-06-08,9999-01-01,Senior Engineer
220418,Poorav,1965-01-23,1997-08-16,9999-01-01,Staff
220528,Sibyl,1965-01-06,1998-02-23,9999-01-01,Senior Staff
220582,Poornachandra,1965-01-08,1996-02-13,9999-01-01,Staff
220611,Yuping,1965-01-23,1995-01-31,9999-01-01,Senior Staff
220625,Shigenori,1965-01-25,1992-12-24,9999-01-01,Technique Leader
220699,Nahid,1965-01-07,1995-08-18,9999-01-01,Staff
220799,Perla,1965-01-17,1998-10-13,9999-01-01,Senior Engineer
221126,Tesuya,1965-01-23,1988-11-29,9999-01-01,Senior Engineer
221367,Saddek,1965-01-13,1990-11-06,9999-01-01,Senior Staff
221369,Abdulah,1965-01-28,1996-08-28,9999-01-01,Engineer
221435,Djenana,1965-01-06,1994-02-06,9999-01-01,Engineer
221973,Sangeeta,1965-01-17,1990-06-06,9999-01-01,Staff
222206,Stein,1965-01-21,1988-01-30,9999-01-01,Staff
222311,Miyeon,1965-01-20,1992-12-05,9999-01-01,Senior Engineer
222319,Matt,1965-01-20,1994-11-09,9999-01-01,Senior Engineer
222354,Valdiodio,1965-01-15,1993-08-07,9999-01-01,Engineer
222616,Badri,1965-02-01,1998-01-19,9999-01-01,Assistant Engineer
222770,Kazuhiko,1965-01-22,1995-08-01,9999-01-01,Senior Engineer
222878,Annemarie,1965-01-10,1996-12-01,9999-01-01,Senior Engineer
222926,Limsoon,1965-01-10,1997-12-31,9999-01-01,Senior Engineer
222952,Gopalakrishnan,1965-01-28,1991-04-30,9999-01-01,Senior Engineer
222998,Leaf,1965-01-07,1992-10-02,9999-01-01,Senior Staff
223593,Hidefumi,1965-01-20,1998-03-04,9999-01-01,Staff
223595,Chiranjit,1965-02-01,1999-09-05,9999-01-01,Technique Leader
224135,Annemarie,1965-01-02,1998-06-23,9999-01-01,Engineer
224335,Perry,1965-01-29,1985-07-22,9999-01-01,Senior Engineer
224390,True,1965-01-24,1996-05-17,9999-01-01,Senior Staff
224934,George,1965-01-05,1988-01-02,9999-01-01,Senior Staff
225438,Remmert,1965-01-14,1992-04-28,9999-01-01,Senior Staff
225601,Masasuke,1965-01-13,1994-06-25,9999-01-01,Engineer
225788,Ipke,1965-01-08,1995-12-18,9999-01-01,Engineer
225867,Ramalingam,1965-01-26,1999-09-03,9999-01-01,Senior Engineer
225964,Mooi,1965-01-19,1989-06-07,9999-01-01,Engineer
226216,Giordano,1965-01-28,1993-08-14,9999-01-01,Technique Leader
226227,Herbert,1965-01-07,1986-09-06,9999-01-01,Senior Engineer
227354,Gio,1965-01-12,1986-11-11,9999-01-01,Engineer
227476,Macha,1965-01-11,1988-05-11,9999-01-01,Engineer
227681,Mikhail,1965-01-30,1998-11-30,9999-01-01,Staff
227899,Garnik,1965-01-23,1998-09-15,9999-01-01,Staff
227901,Francesca,1965-01-26,1996-06-08,9999-01-01,Staff
228098,IEEE,1965-01-18,1998-02-17,9999-01-01,Engineer
228248,Yuriy,1965-01-09,1988-09-08,9999-01-01,Staff
228554,Bilhanan,1965-01-03,1990-12-23,9999-01-01,Senior Staff
228766,Nahla,1965-01-11,1993-02-12,9999-01-01,Engineer
229098,Berry,1965-01-08,1995-08-16,9999-01-01,Senior Staff
229220,Fabrizio,1965-01-21,1987-02-09,9999-01-01,Senior Engineer
229248,Harjit,1965-01-27,1995-10-19,9999-01-01,Staff
229386,Pohua,1965-01-03,1994-11-04,9999-01-01,Technique Leader
229391,Paloma,1965-01-15,1991-06-11,9999-01-01,Engineer
229404,Gilbert,1965-01-11,1996-04-05,9999-01-01,Staff
229547,Moni,1965-01-03,1986-07-04,9999-01-01,Senior Staff
229727,Ewing,1965-01-23,1999-09-28,9999-01-01,Engineer
229981,Jamaludin,1965-01-19,1992-02-06,9999-01-01,Senior Engineer
230002,Tadahiro,1965-01-07,1991-10-02,9999-01-01,Senior Engineer
230126,Bezalel,1965-01-31,1988-07-02,9999-01-01,Senior Staff
230287,Renny,1965-01-14,1997-09-28,9999-01-01,Assistant Engineer
230354,Yinghua,1965-01-31,1991-08-09,9999-01-01,Staff
230498,Kolar,1965-01-15,1990-04-25,9999-01-01,Engineer
230579,Shahar,1965-01-17,1994-03-19,9999-01-01,Senior Staff
230689,Dietrich,1965-01-14,1986-05-24,9999-01-01,Senior Staff
230865,Takushi,1965-01-02,1999-06-03,9999-01-01,Staff
231069,Trygve,1965-01-22,1995-11-09,9999-01-01,Staff
231459,Nectarios,1965-01-28,1999-11-18,9999-01-01,Assistant Engineer
231671,Chandrasekaran,1965-01-07,1995-04-14,9999-01-01,Staff
231798,Goetz,1965-01-28,1988-12-25,9999-01-01,Engineer
232178,Etsuo,1965-01-29,1989-12-13,9999-01-01,Senior Staff
232209,Nitsan,1965-01-11,1988-08-01,9999-01-01,Senior Engineer
232697,Barry,1965-01-23,1990-09-07,9999-01-01,Senior Engineer
232723,Tesuya,1965-01-14,1993-02-13,9999-01-01,Engineer
233114,Alselm,1965-01-20,1987-12-25,9999-01-01,Senior Engineer
233394,Khalid,1965-01-06,1995-12-24,9999-01-01,Engineer
233397,Fay,1965-01-16,1990-07-07,9999-01-01,Staff
233426,Etsuo,1965-01-12,1995-03-02,9999-01-01,Senior Engineer
233690,Cedric,1965-01-17,1994-09-08,9999-01-01,Engineer
233759,Zissis,1965-01-14,2000-05-27,9999-01-01,Engineer
233765,Kotesh,1965-01-20,1991-03-25,9999-01-01,Senior Engineer
233785,Baziley,1965-01-30,1987-07-28,9999-01-01,Staff
233818,Kellie,1965-01-01,1985-11-11,9999-01-01,Senior Engineer
234195,Luerbio,1965-01-07,1991-05-14,9999-01-01,Senior Staff
234739,Foong,1965-01-31,1986-06-28,9999-01-01,Senior Engineer
235017,Irena,1965-01-17,1991-09-07,9999-01-01,Staff
235096,Sverrir,1965-01-21,1995-07-30,9999-01-01,Staff
235325,Gro,1965-01-06,1992-10-16,9999-01-01,Engineer
235368,Anneli,1965-01-09,1987-04-12,9999-01-01,Senior Engineer
235458,Gio,1965-01-05,1992-06-28,9999-01-01,Staff
235729,Henk,1965-02-01,1993-01-19,9999-01-01,Senior Staff
235780,Sampalli,1965-01-17,1994-04-08,9999-01-01,Senior Engineer
235793,Jayesh,1965-01-03,1999-01-16,9999-01-01,Senior Engineer
236315,IEEE,1965-01-31,1996-07-24,9999-01-01,Technique Leader
236566,Yechezkel,1965-01-17,1992-12-11,9999-01-01,Staff
236591,Insup,1965-01-11,1985-04-08,9999-01-01,Staff
236827,Almudena,1965-01-28,1994-02-16,9999-01-01,Engineer
236883,Huan,1965-01-27,1999-11-19,9999-01-01,Staff
236964,Adel,1965-01-17,2000-03-20,9999-01-01,Staff
238112,Miomir,1965-01-12,1991-05-25,9999-01-01,Technique Leader
238252,Uno,1965-01-09,1996-12-27,9999-01-01,Staff
238422,Vishv,1965-01-10,1988-03-08,9999-01-01,Staff
238949,Minghong,1965-01-09,1987-10-04,9999-01-01,Senior Staff
239067,Tadahiko,1965-01-11,1996-04-02,9999-01-01,Staff
239244,Abdulla,1965-01-13,1987-02-20,9999-01-01,Senior Staff
239415,Susumu,1965-01-01,1993-04-17,9999-01-01,Engineer
239426,Vesna,1965-01-08,2002-05-07,9999-01-01,Engineer
239664,Sugwoo,1965-01-04,1992-08-02,9999-01-01,Senior Engineer
239706,Arunas,1965-01-15,1997-04-03,9999-01-01,Assistant Engineer
239748,Bilhanan,1965-01-23,1988-06-04,9999-01-01,Senior Staff
239803,Oscal,1965-01-30,1992-05-19,9999-01-01,Senior Staff
240132,Mizuhito,1965-02-01,1996-08-09,9999-01-01,Senior Staff
240236,True,1965-01-24,1986-01-19,9999-01-01,Engineer
240285,Kolar,1965-01-23,1998-11-14,9999-01-01,Staff
240340,Mack,1965-01-14,1985-04-02,9999-01-01,Senior Engineer
240438,Temple,1965-01-02,1992-09-30,9999-01-01,Senior Staff
240870,Francesca,1965-01-06,1992-03-17,9999-01-01,Staff
241100,Cedric,1965-01-23,1990-10-06,9999-01-01,Senior Engineer
241254,Jagoda,1965-01-15,1993-05-11,9999-01-01,Senior Engineer
241292,Uri,1965-01-29,2001-12-11,9999-01-01,Senior Staff
241567,Emran,1965-01-18,1989-05-02,9999-01-01,Senior Engineer
241667,Atilio,1965-01-28,1985-09-04,9999-01-01,Senior Engineer
241728,Limsoon,1965-01-30,1999-08-08,9999-01-01,Senior Engineer
241872,Bluma,1965-01-11,2001-11-14,9999-01-01,Staff
242019,Herb,1965-01-09,2001-10-28,9999-01-01,Senior Engineer
242081,Tomokazu,1965-01-12,1996-11-15,9999-01-01,Engineer
242104,Richara,1965-01-05,1989-09-05,9999-01-01,Staff
242500,Bingning,1965-01-08,1989-06-26,9999-01-01,Staff
242800,Kazuyasu,1965-01-11,1996-02-10,9999-01-01,Engineer
243018,Bowen,1965-01-02,1998-12-27,9999-01-01,Senior Staff
243077,Kazunori,1965-02-01,1999-02-25,9999-01-01,Senior Engineer
243576,Abdulah,1965-01-04,1996-11-10,9999-01-01,Senior Staff
243637,Marjo,1965-01-16,1990-06-24,9999-01-01,Staff
243898,Arch,1965-01-09,1998-05-10,9999-01-01,Staff
244308,Mokhtar,1965-01-10,1991-07-23,9999-01-01,Staff
244605,Masoud,1965-01-22,1998-10-10,9999-01-01,Staff
244624,Boaz,1965-01-31,1987-03-27,9999-01-01,Staff
244711,Rosli,1965-01-25,1991-03-20,9999-01-01,Engineer
244714,Poorav,1965-01-27,1996-05-06,9999-01-01,Senior Engineer
244820,Shigenori,1965-01-15,1987-04-13,9999-01-01,Senior Engineer
244873,Arunachalam,1965-01-04,1986-05-20,9999-01-01,Senior Staff
245164,Filipp,1965-01-23,1996-10-24,9999-01-01,Engineer
245396,Gift,1965-01-31,1995-03-04,9999-01-01,Senior Staff
245664,Manohar,1965-01-18,1998-11-17,9999-01-01,Staff
246146,Zhongwei,1965-01-30,1987-09-04,9999-01-01,Senior Engineer
246244,George,1965-01-09,2000-01-20,9999-01-01,Staff
246364,Alper,1965-01-06,1998-10-29,9999-01-01,Engineer
246764,Shuzo,1965-01-04,1997-11-29,9999-01-01,Staff
246798,Tianruo,1965-01-09,2001-12-07,9999-01-01,Senior Staff
246902,Shih,1965-01-27,1998-04-19,9999-01-01,Staff
247089,Seongbae,1965-01-17,1992-12-10,9999-01-01,Staff
247122,Xiaobin,1965-01-23,1992-02-14,9999-01-01,Senior Staff
247447,Tzu,1965-01-28,1994-03-18,9999-01-01,Engineer
247456,Masako,1965-01-16,1997-07-31,9999-01-01,Engineer
247612,Chiranjit,1965-01-04,1997-05-25,9999-01-01,Engineer
247875,Xiong,1965-01-02,1991-04-23,9999-01-01,Senior Staff
247888,Abdelghani,1965-01-15,1985-09-06,9999-01-01,Engineer
248256,Sajjan,1965-01-05,1996-08-29,9999-01-01,Staff
248351,Jaana,1965-02-01,1985-06-02,9999-01-01,Senior Staff
248758,Snehasis,1965-02-01,1994-12-25,9999-01-01,Staff
248953,Percy,1965-01-29,1996-08-29,9999-01-01,Assistant Engineer
249239,Hideyuki,1965-01-21,1994-05-04,9999-01-01,Senior Engineer
249325,Ute,1965-01-26,1997-06-09,9999-01-01,Staff
249433,Ayonca,1965-01-16,1988-06-03,9999-01-01,Senior Engineer
249504,Dmitry,1965-01-07,1995-10-20,9999-01-01,Engineer
249780,Nechama,1965-01-12,1993-07-09,9999-01-01,Assistant Engineer
249799,Jolita,1965-01-04,1993-12-27,9999-01-01,Senior Engineer
249866,Steen,1965-01-15,1989-01-14,9999-01-01,Staff
249969,Georgi,1965-01-21,1991-06-10,9999-01-01,Senior Engineer
250411,Ranga,1965-01-27,1989-01-20,9999-01-01,Senior Staff
250452,Alexius,1965-01-14,2000-01-17,9999-01-01,Senior Engineer
250748,Kish,1965-01-27,1987-02-10,9999-01-01,Senior Engineer
251166,Hinrich,1965-01-22,1985-10-05,9999-01-01,Staff
251233,Yucel,1965-01-07,1993-02-19,9999-01-01,Senior Engineer
251301,Pintsang,1965-01-30,1989-05-06,9999-01-01,Senior Staff
251341,Divier,1965-01-11,1992-12-05,9999-01-01,Staff
251403,Utpal,1965-01-01,1997-11-19,9999-01-01,Technique Leader
251437,Shichao,1965-01-20,1989-10-17,9999-01-01,Engineer
251645,Bezalel,1965-01-06,1992-06-17,9999-01-01,Staff
251680,Moty,1965-01-05,1990-08-14,9999-01-01,Senior Engineer
251814,Mitsuyuki,1965-01-01,1998-09-14,9999-01-01,Technique Leader
252185,Chaosheng,1965-01-01,1997-04-14,9999-01-01,Engineer
252316,Gill,1965-01-07,1994-10-08,9999-01-01,Senior Engineer
252392,Sanjeeva,1965-01-01,1993-12-26,9999-01-01,Senior Engineer
253029,Thodoros,1965-01-13,1995-04-05,9999-01-01,Engineer
253707,Insup,1965-01-05,1998-02-11,9999-01-01,Staff
253838,Stafford,1965-01-28,1999-02-21,9999-01-01,Assistant Engineer
253893,Huiqun,1965-01-04,1993-05-10,9999-01-01,Senior Engineer
254044,Gunilla,1965-01-16,1992-04-10,9999-01-01,Engineer
254399,Armond,1965-01-24,1999-09-16,9999-01-01,Technique Leader
254821,Tonny,1965-01-24,1994-12-12,9999-01-01,Staff
255466,Huan,1965-01-18,1985-07-03,9999-01-01,Senior Engineer
255657,Oldrich,1965-01-20,1985-02-10,9999-01-01,Senior Engineer
255779,Heejo,1965-01-31,1997-09-04,9999-01-01,Technique Leader
256216,Halsur,1965-01-01,1997-11-22,9999-01-01,Engineer
256856,Hongzue,1965-01-03,1987-06-17,9999-01-01,Staff
256881,Ioana,1965-01-03,1990-08-10,9999-01-01,Engineer
256888,Heather,1965-01-03,1993-09-15,9999-01-01,Staff
257062,Stabislas,1965-01-24,1989-06-21,9999-01-01,Engineer
257378,Pascal,1965-01-06,1988-09-03,9999-01-01,Senior Staff
257469,Anyuan,1965-01-22,1988-01-06,9999-01-01,Staff
257484,Shaowei,1965-01-01,1986-12-07,9999-01-01,Senior Staff
258028,Mountaz,1965-01-07,2001-07-03,9999-01-01,Engineer
258124,Mariusz,1965-01-17,1990-07-28,9999-01-01,Senior Staff
258470,Weiwu,1965-01-04,1995-02-14,9999-01-01,Staff
258643,Przemyslawa,1965-01-11,1992-02-27,9999-01-01,Senior Engineer
259042,Xiaoqiang,1965-01-12,1997-01-01,9999-01-01,Staff
259237,Palash,1965-01-27,1987-10-23,9999-01-01,Senior Staff
259273,Xiahua,1965-01-22,1989-12-01,9999-01-01,Senior Engineer
259611,Shuichi,1965-01-27,1990-08-21,9999-01-01,Senior Staff
259619,Conal,1965-01-21,1992-05-09,9999-01-01,Senior Staff
259718,Stepehn,1965-01-24,1993-12-13,9999-01-01,Staff
260153,Mingdong,1965-01-28,1991-10-14,9999-01-01,Technique Leader
260249,Vugranam,1965-01-22,1998-05-14,9999-01-01,Staff
260361,Reinhold,1965-01-25,1997-10-09,9999-01-01,Engineer
260399,Hatem,1965-01-30,1989-04-10,9999-01-01,Senior Staff
260408,Sasan,1965-01-19,1996-09-03,9999-01-01,Senior Staff
260501,Dzung,1965-01-14,1990-05-17,9999-01-01,Technique Leader
261184,Masako,1965-01-30,1987-08-29,9999-01-01,Senior Engineer
261631,Jianhua,1965-01-08,1998-02-23,9999-01-01,Engineer
261662,Berni,1965-01-11,1989-09-08,9999-01-01,Senior Staff
261737,Mark,1965-01-23,1990-11-22,9999-01-01,Engineer
261986,Gila,1965-01-21,1997-05-13,9999-01-01,Senior Engineer
261990,Volkmar,1965-01-16,1992-04-01,9999-01-01,Staff
262208,Mrinalini,1965-01-16,1987-05-23,9999-01-01,Senior Staff
262210,Chinho,1965-01-22,1985-07-29,9999-01-01,Senior Engineer
262328,Mayuko,1965-01-03,1997-12-24,9999-01-01,Staff
262439,Lorien,1965-01-30,1985-10-10,9999-01-01,Staff
262636,Tamiya,1965-01-04,1992-04-10,9999-01-01,Senior Engineer
262752,Pramod,1965-01-04,1997-12-12,9999-01-01,Engineer
262928,Piyush,1965-01-01,1995-02-20,9999-01-01,Engineer
263012,Hideo,1965-01-09,1999-05-01,9999-01-01,Staff
263186,Danny,1965-01-22,1995-09-13,9999-01-01,Technique Leader
263370,Shakhar,1965-01-03,1999-05-29,9999-01-01,Staff
263439,Atreye,1965-01-09,1986-12-15,9999-01-01,Senior Engineer
263645,Mingsen,1965-01-19,1990-12-04,9999-01-01,Senior Engineer
263649,Mechthild,1965-01-17,1993-07-26,9999-01-01,Senior Staff
263926,Fusako,1965-01-03,1985-04-07,9999-01-01,Staff
264030,Zdislav,1965-01-15,1990-12-14,9999-01-01,Assistant Engineer
264167,Baoqiu,1965-01-25,1996-05-01,9999-01-01,Senior Engineer
264322,Leandro,1965-01-03,1991-01-06,9999-01-01,Staff
264626,Noritoshi,1965-01-13,1993-02-03,9999-01-01,Staff
264939,Bogdan,1965-01-10,1999-02-13,9999-01-01,Engineer
265039,Navid,1965-01-03,1992-10-18,9999-01-01,Staff
265521,Kensei,1965-01-04,1993-05-25,9999-01-01,Engineer
265558,Susuma,1965-01-31,1987-08-02,9999-01-01,Staff
265794,Miquel,1965-01-15,1994-01-14,9999-01-01,Staff
265875,Fan,1965-01-20,1989-09-03,9999-01-01,Senior Engineer
266206,Zsolt,1965-02-01,1985-08-19,9999-01-01,Senior Staff
266249,Sumant,1965-01-15,1991-03-28,9999-01-01,Senior Staff
266310,Zvonko,1965-01-23,1987-06-24,9999-01-01,Senior Staff
266644,Anwar,1965-01-08,1993-08-09,9999-01-01,Staff
266862,Mart,1965-01-10,1986-04-21,9999-01-01,Senior Staff
266881,Mokhtar,1965-01-11,1997-02-04,9999-01-01,Senior Staff
267059,Moie,1965-01-09,1991-06-29,9999-01-01,Staff
267227,Susuma,1965-01-10,1995-01-22,9999-01-01,Senior Engineer
267304,Jordanka,1965-01-06,1994-06-27,9999-01-01,Senior Staff
267667,Irena,1965-01-05,1987-09-05,9999-01-01,Staff
268043,Narain,1965-01-28,1997-11-02,9999-01-01,Engineer
268191,LiMin,1965-01-07,1990-11-01,9999-01-01,Engineer
269728,Naftali,1965-01-12,1987-05-16,9999-01-01,Staff
270084,Ulises,1965-01-11,1986-07-26,9999-01-01,Staff
270716,Shunichi,1965-01-19,1998-02-04,9999-01-01,Staff
270794,Dannz,1965-02-01,1991-06-26,9999-01-01,Senior Staff
271106,Taisook,1965-01-10,1997-11-30,9999-01-01,Engineer
271219,Odoardo,1965-01-16,1994-11-07,9999-01-01,Engineer
272141,Tsutomu,1965-01-13,1996-07-31,9999-01-01,Staff
272285,Gully,1965-01-19,1986-01-22,9999-01-01,Senior Staff
272316,Surveyors,1965-01-05,1999-07-19,9999-01-01,Engineer
272452,Mitsuyuki,1965-01-10,2002-02-27,9999-01-01,Engineer
272599,Holgard,1965-01-16,1993-07-15,9999-01-01,Senior Staff
272860,Minghong,1965-02-01,1994-02-10,9999-01-01,Assistant Engineer
273159,Divine,1965-01-26,1989-04-14,9999-01-01,Technique Leader
273286,Brigham,1965-01-26,1989-01-23,9999-01-01,Senior Engineer
273396,Wayne,1965-01-10,1998-03-07,9999-01-01,Engineer
273806,Hongzhu,1965-01-01,1997-08-18,9999-01-01,Staff
273858,Gunilla,1965-01-13,1990-12-28,9999-01-01,Senior Staff
274071,Mingsen,1965-01-01,1995-10-12,9999-01-01,Staff
274271,Prodip,1965-01-10,1986-09-10,9999-01-01,Staff
274369,Ranga,1965-01-29,1997-01-27,9999-01-01,Senior Staff
274813,Yefim,1965-01-10,1993-08-07,9999-01-01,Staff
275158,Satyanarayana,1965-01-07,1999-12-08,9999-01-01,Engineer
275263,Vojin,1965-01-21,1991-10-18,9999-01-01,Senior Engineer
275444,Limsoon,1965-01-16,1993-01-21,9999-01-01,Senior Engineer
275495,Shen,1965-01-13,1995-02-19,9999-01-01,Staff
275801,Ayakannu,1965-01-22,1986-06-28,9999-01-01,Senior Staff
275881,Jiann,1965-01-08,1988-05-18,9999-01-01,Senior Engineer
275994,Uma,1965-01-29,1991-02-21,9999-01-01,Senior Engineer
276027,Holgard,1965-01-04,1986-02-28,9999-01-01,Senior Staff
276184,Mari,1965-01-10,1991-04-08,9999-01-01,Senior Staff
276186,Sajjad,1965-01-30,1993-06-02,9999-01-01,Staff
276189,Isaac,1965-01-10,1995-03-19,9999-01-01,Staff
276445,Atilio,1965-01-27,1988-07-02,9999-01-01,Senior Engineer
276472,Hideyuki,1965-01-27,1988-11-10,9999-01-01,Senior Engineer
276563,Gift,1965-01-01,1995-08-01,9999-01-01,Senior Staff
276868,Alois,1965-01-19,1998-03-13,9999-01-01,Staff
277316,Vitali,1965-01-03,1989-10-04,9999-01-01,Staff
277362,Uzi,1965-01-09,1991-01-12,9999-01-01,Senior Staff
277420,Rayond,1965-01-16,1995-04-22,9999-01-01,Senior Engineer
277777,Herbert,1965-01-27,1990-07-04,9999-01-01,Senior Engineer
277829,Michaela,1965-01-22,1986-06-02,9999-01-01,Senior Engineer
278239,Boaz,1965-01-19,1994-02-06,9999-01-01,Staff
278386,Caolyn,1965-01-15,1995-12-03,9999-01-01,Technique Leader
278452,Sudhanshu,1965-01-07,1987-08-29,9999-01-01,Staff
278536,Munenori,1965-01-14,1992-01-10,9999-01-01,Senior Staff
278549,Jaana,1965-01-02,1989-07-27,9999-01-01,Senior Staff
278953,Jeanna,1965-01-26,1990-08-11,9999-01-01,Senior Engineer
279115,Maren,1965-01-05,1997-11-29,9999-01-01,Engineer
279280,Niranjan,1965-01-09,1992-09-21,9999-01-01,Senior Engineer
279791,Chiranjit,1965-01-10,1986-12-24,9999-01-01,Engineer
280070,Niteen,1965-01-24,1988-03-29,9999-01-01,Staff
280291,Lenore,1965-01-26,1998-11-24,9999-01-01,Staff
280420,Jahangir,1965-01-31,1986-09-28,9999-01-01,Staff
280525,Kish,1965-01-13,1996-08-18,9999-01-01,Staff
280648,Heeju,1965-01-04,1986-12-27,9999-01-01,Senior Engineer
281570,Zijian,1965-01-08,1994-09-13,9999-01-01,Assistant Engineer
281692,Khosrow,1965-01-06,1990-03-03,9999-01-01,Senior Engineer
281848,Parke,1965-01-29,1993-07-31,9999-01-01,Senior Engineer
281859,Masanao,1965-01-17,1985-11-25,9999-01-01,Engineer
282191,Alper,1965-01-16,1997-10-20,9999-01-01,Engineer
282333,Nahla,1965-01-25,1993-09-09,9999-01-01,Staff
282343,Xinglin,1965-01-13,1988-07-20,9999-01-01,Staff
282547,Nahum,1965-01-18,1999-06-14,9999-01-01,Engineer
282585,Zijian,1965-01-03,1996-07-01,9999-01-01,Staff
282894,Fay,1965-01-05,1989-05-03,9999-01-01,Engineer
284300,Ishfaq,1965-01-22,1991-11-29,9999-01-01,Senior Staff
284431,Pintsang,1965-01-25,1996-04-16,9999-01-01,Staff
284561,Duri,1965-01-03,1988-02-15,9999-01-01,Senior Engineer
284687,Oksana,1965-01-15,1985-06-22,9999-01-01,Senior Engineer
284691,Theron,1965-01-04,1988-08-17,9999-01-01,Senior Engineer
284711,Martijn,1965-01-21,1988-02-10,9999-01-01,Senior Engineer
284717,Gal,1965-01-11,1992-11-07,9999-01-01,Engineer
284856,Moto,1965-01-05,1991-12-12,9999-01-01,Senior Engineer
284954,Anneke,1965-01-16,1996-01-30,9999-01-01,Engineer
285164,Xiaocheng,1965-01-02,1994-10-03,9999-01-01,Staff
285396,Lena,1965-01-27,1986-10-04,9999-01-01,Senior Engineer
285905,Kellyn,1965-01-09,1994-11-04,9999-01-01,Senior Staff
285906,Arnould,1965-01-02,1998-03-26,9999-01-01,Engineer
286026,Utpal,1965-01-21,1991-02-25,9999-01-01,Senior Staff
286029,Jaques,1965-01-28,1996-07-16,9999-01-01,Staff
286370,Toshimitsu,1965-01-06,1995-01-19,9999-01-01,Staff
286452,Behnaam,1965-01-26,1999-01-31,9999-01-01,Engineer
286573,Nahum,1965-01-27,1994-07-29,9999-01-01,Senior Engineer
286779,Sigeru,1965-01-24,1998-08-31,9999-01-01,Engineer
286986,Woody,1965-01-01,1996-05-23,9999-01-01,Senior Engineer
287323,Steve,1965-02-01,1999-09-15,9999-01-01,Staff
287327,Youjian,1965-01-13,1993-07-15,9999-01-01,Senior Staff
287334,Elliott,1965-01-05,1998-08-08,9999-01-01,Engineer
287482,Shigeaki,1965-01-01,1994-03-18,9999-01-01,Engineer
287583,Jovan,1965-01-18,1990-06-21,9999-01-01,Senior Engineer
287609,Sailaja,1965-01-06,1988-01-20,9999-01-01,Engineer
287713,Aamod,1965-01-23,1992-12-07,9999-01-01,Senior Staff
287808,Vidar,1965-01-09,1996-06-17,9999-01-01,Technique Leader
287983,Randi,1965-01-23,1990-09-07,9999-01-01,Senior Staff
287984,Troy,1965-01-09,1991-02-12,9999-01-01,Engineer
288028,Kauko,1965-01-22,1985-12-16,9999-01-01,Engineer
288142,Shay,1965-01-25,1989-04-01,9999-01-01,Senior Staff
288166,Masoud,1965-01-11,1994-09-05,9999-01-01,Staff
288560,Yifei,1965-01-16,1994-02-07,9999-01-01,Staff
288563,Cristinel,1965-01-02,1996-01-09,9999-01-01,Engineer
288606,Susumu,1965-01-21,1991-11-15,9999-01-01,Staff
288665,Horward,1965-01-31,1998-11-19,9999-01-01,Senior Engineer
288893,Bedrich,1965-01-30,1991-01-27,9999-01-01,Senior Engineer
289454,Bowen,1965-01-20,1985-03-08,9999-01-01,Senior Engineer
289687,Fai,1965-01-31,1985-10-30,9999-01-01,Staff
289807,Soenke,1965-01-04,1994-09-04,9999-01-01,Senior Staff
289909,Hilari,1965-01-09,1993-04-24,9999-01-01,Staff
290009,Zijian,1965-01-22,1989-07-09,9999-01-01,Staff
290075,Boalin,1965-01-15,1990-10-01,9999-01-01,Staff
290284,Kwangjo,1965-01-08,1996-01-11,9999-01-01,Engineer
290441,Gregory,1965-01-25,1987-09-09,9999-01-01,Senior Staff
290467,Shaowen,1965-01-29,1987-04-15,9999-01-01,Staff
290478,Tsvetan,1965-01-03,1989-08-07,9999-01-01,Assistant Engineer
290563,Shigehiro,1965-01-09,1986-02-26,9999-01-01,Senior Engineer
290769,Lalit,1965-01-26,1999-02-01,9999-01-01,Senior Engineer
291352,Danai,1965-01-07,1997-08-26,9999-01-01,Technique Leader
291612,Siamak,1965-01-30,1998-07-08,9999-01-01,Engineer
291669,Faiza,1965-01-04,1999-09-13,9999-01-01,Engineer
292110,Menkae,1965-01-23,1996-08-09,9999-01-01,Engineer
292146,Khatoun,1965-01-09,2002-01-09,9999-01-01,Engineer
292210,Masaru,1965-01-17,1996-11-23,9999-01-01,Senior Engineer
292404,Hongzue,1965-01-28,1990-02-22,9999-01-01,Senior Staff
292504,Georgi,1965-01-27,1994-03-02,9999-01-01,Senior Engineer
292515,Bernd,1965-01-04,1989-08-03,9999-01-01,Engineer
292828,Ziya,1965-01-10,1986-01-08,9999-01-01,Senior Engineer
293080,Hideyuki,1965-01-12,1987-05-30,9999-01-01,Senior Staff
293154,Syozo,1965-01-21,1993-06-06,9999-01-01,Senior Staff
293280,Moti,1965-01-24,1987-01-22,9999-01-01,Senior Engineer
293329,Fumiya,1965-01-15,1986-06-12,9999-01-01,Senior Engineer
293746,Sanjay,1965-01-25,1995-08-27,9999-01-01,Senior Engineer
293752,Jungsoon,1965-01-04,1986-02-18,9999-01-01,Staff
294144,Takanari,1965-01-09,1992-01-11,9999-01-01,Staff
294241,Marl,1965-01-12,1994-07-26,9999-01-01,Senior Staff
294446,Claudi,1965-01-27,1999-08-13,9999-01-01,Staff
294461,Siddarth,1965-01-14,1985-11-18,9999-01-01,Senior Engineer
294527,Ashish,1965-01-04,1992-02-02,9999-01-01,Senior Staff
294652,Hironobu,1965-01-27,1998-12-21,9999-01-01,Senior Engineer
294791,Vesna,1965-01-28,1999-10-08,9999-01-01,Assistant Engineer
294857,Caolyn,1965-01-15,1986-07-29,9999-01-01,Engineer
295030,Fun,1965-01-01,1985-07-09,9999-01-01,Senior Staff
295236,Kauko,1965-01-24,1987-09-13,9999-01-01,Senior Engineer
295254,Xuejun,1965-01-15,1985-07-24,9999-01-01,Senior Staff
295255,Jacopo,1965-01-04,1988-03-13,9999-01-01,Technique Leader
295262,Moon,1965-01-22,1994-08-06,9999-01-01,Assistant Engineer
295268,Eben,1965-01-28,1996-12-19,9999-01-01,Staff
295278,Val,1965-01-04,1990-01-02,9999-01-01,Engineer
295411,Chiranjit,1965-01-18,1997-04-04,9999-01-01,Staff
295857,Kankanahalli,1965-01-17,1989-12-26,9999-01-01,Staff
296062,Shaz,1965-01-29,1998-10-03,9999-01-01,Staff
296303,Mariangiola,1965-01-28,1992-08-04,9999-01-01,Technique Leader
296428,Charmane,1965-01-03,1989-03-07,9999-01-01,Staff
296664,Dipayan,1965-01-31,1987-09-17,9999-01-01,Senior Engineer
296687,Palash,1965-01-02,1991-05-11,9999-01-01,Staff
296718,Kamakshi,1965-01-30,1987-12-22,9999-01-01,Senior Engineer
297232,Lokesh,1965-01-16,1999-05-25,9999-01-01,Senior Staff
297431,Cathie,1965-01-12,1996-06-23,9999-01-01,Senior Staff
297474,Irena,1965-01-13,1998-03-11,9999-01-01,Staff
297905,Marc,1965-01-12,1997-06-18,9999-01-01,Assistant Engineer
297954,Sailaja,1965-01-13,1995-07-24,9999-01-01,Assistant Engineer
298339,King,1965-01-11,1986-09-04,9999-01-01,Engineer
298577,Florina,1965-01-11,1985-12-02,9999-01-01,Senior Staff
298953,Zita,1965-02-01,1998-12-29,9999-01-01,Staff
299346,Fumitake,1965-01-09,1991-02-21,9999-01-01,Senior Staff
299580,Luisa,1965-01-21,1997-01-23,9999-01-01,Engineer
299718,Denny,1965-01-15,1997-06-22,9999-01-01,Senior Staff
299737,Patricio,1965-02-01,1985-05-21,9999-01-01,Staff
400046,Hilari,1965-01-12,1996-10-07,9999-01-01,Senior Staff
400358,Angus,1965-01-31,1989-04-13,9999-01-01,Senior Engineer
400683,Kamakshi,1965-01-28,1995-08-05,9999-01-01,Staff
400780,Poornachandra,1965-01-09,1993-11-07,9999-01-01,Engineer
400796,Bodo,1965-01-10,1996-05-30,9999-01-01,Engineer
401154,Danae,1965-01-27,1987-05-20,9999-01-01,Senior Staff
401278,Oguz,1965-01-16,1986-11-11,9999-01-01,Engineer
401333,Martins,1965-01-30,1986-11-04,9999-01-01,Senior Engineer
401420,Florian,1965-01-06,1987-01-31,9999-01-01,Senior Staff
401574,Yannik,1965-01-13,1988-01-15,9999-01-01,Technique Leader
402025,Shigehito,1965-01-20,1987-09-20,9999-01-01,Senior Engineer
402102,Kersti,1965-01-21,1995-03-19,9999-01-01,Engineer
402664,Subhada,1965-01-04,1987-01-25,9999-01-01,Senior Engineer
402718,Jeanna,1965-01-17,1990-02-14,9999-01-01,Engineer
402827,Weidon,1965-01-28,2002-03-24,9999-01-01,Staff
403010,Toshimitsu,1965-01-16,1985-02-18,9999-01-01,Senior Engineer
403621,Deborah,1965-01-07,1988-06-04,9999-01-01,Staff
403644,Krisda,1965-01-19,1995-07-08,9999-01-01,Senior Staff
403954,Jeanna,1965-01-10,1990-07-26,9999-01-01,Engineer
404018,Valery,1965-01-11,1998-10-19,9999-01-01,Senior Engineer
404236,Zengping,1965-01-12,1988-07-22,9999-01-01,Senior Engineer
404462,Anestis,1965-01-09,1985-07-13,9999-01-01,Engineer
404573,Eberhardt,1965-01-31,1997-07-05,9999-01-01,Staff
404755,Manu,1965-01-13,1991-04-20,9999-01-01,Staff
404788,Basem,1965-01-16,1998-03-16,9999-01-01,Engineer
405015,Morris,1965-01-02,1988-06-29,9999-01-01,Staff
405063,Yechezkel,1965-01-26,2001-11-16,9999-01-01,Senior Engineer
406125,Georgi,1965-01-25,1987-09-27,9999-01-01,Technique Leader
406239,Marek,1965-01-09,1995-05-15,9999-01-01,Senior Engineer
406564,Parviz,1965-01-25,1995-04-16,9999-01-01,Engineer
406714,Malu,1965-02-01,1986-11-21,9999-01-01,Senior Staff
406847,Alexius,1965-01-24,1999-10-05,9999-01-01,Staff
407522,Tommaso,1965-01-25,1996-08-29,9999-01-01,Staff
407837,Fei,1965-02-01,1988-04-02,9999-01-01,Senior Engineer
408019,Shridhar,1965-01-01,1986-03-22,9999-01-01,Assistant Engineer
408114,Geoffrey,1965-01-05,1994-01-03,9999-01-01,Engineer
408163,Irene,1965-01-21,2000-08-12,9999-01-01,Senior Engineer
408417,Tsz,1965-01-19,1994-09-28,9999-01-01,Staff
408437,Uno,1965-01-29,1994-09-22,9999-01-01,Staff
408447,Mayuri,1965-01-13,2001-02-20,9999-01-01,Staff
408654,Yongqiao,1965-01-09,1986-10-27,9999-01-01,Staff
408953,Jolita,1965-01-26,1993-12-24,9999-01-01,Senior Engineer
409391,Willard,1965-01-06,1999-02-28,9999-01-01,Engineer
409798,Dekang,1965-01-15,1995-01-19,9999-01-01,Technique Leader
409805,Frazer,1965-01-15,1999-03-05,9999-01-01,Senior Engineer
409898,Divier,1965-02-01,1989-09-22,9999-01-01,Senior Engineer
410028,Xiadong,1965-01-11,1985-09-17,9999-01-01,Senior Staff
410372,Duri,1965-01-08,1990-03-04,9999-01-01,Senior Engineer
410433,Kazuhisa,1965-01-19,1992-10-06,9999-01-01,Senior Engineer
410616,Gudjon,1965-01-18,1994-04-14,9999-01-01,Senior Engineer
410804,Ronnie,1965-01-17,1992-06-08,9999-01-01,Senior Engineer
410881,Koichi,1965-01-06,2000-04-05,9999-01-01,Senior Engineer
411070,Otmar,1965-01-29,1987-05-28,9999-01-01,Senior Engineer
411082,Martine,1965-01-08,1992-04-28,9999-01-01,Senior Engineer
411143,Goncalo,1965-01-08,1996-09-01,9999-01-01,Senior Staff
412404,Mitsuyuki,1965-01-15,1999-10-28,9999-01-01,Senior Engineer
412757,Leen,1965-01-03,1999-11-20,9999-01-01,Engineer
413098,Hsiangchu,1965-01-26,1993-04-17,9999-01-01,Senior Staff
413205,Mototsugu,1965-01-09,1988-06-12,9999-01-01,Senior Staff
413666,Remco,1965-01-05,1988-04-18,9999-01-01,Staff
413729,Harjit,1965-01-02,1992-04-26,9999-01-01,Technique Leader
413831,Mohamadou,1965-01-09,1991-11-25,9999-01-01,Senior Staff
413832,Marco,1965-01-24,1995-03-28,9999-01-01,Senior Staff
414027,Tadanori,1965-01-31,1993-02-20,9999-01-01,Senior Engineer
414091,Wuxu,1965-01-17,1997-08-19,9999-01-01,Engineer
414543,Bernd,1965-01-03,1988-11-19,9999-01-01,Senior Engineer
414551,Elliott,1965-01-22,1994-09-13,9999-01-01,Engineer
414662,Ipke,1965-01-21,1985-09-20,9999-01-01,Engineer
414714,Chinho,1965-01-06,1996-11-07,9999-01-01,Senior Staff
414814,Dayanand,1965-01-28,1999-02-28,9999-01-01,Staff
414897,Juyoung,1965-01-17,1989-11-03,9999-01-01,Senior Staff
415187,Juyoung,1965-01-03,1998-09-01,9999-01-01,Assistant Engineer
415338,Shigeo,1965-01-22,1995-12-24,9999-01-01,Assistant Engineer
415363,Conal,1965-01-19,1995-02-23,9999-01-01,Staff
415563,Mrinalini,1965-01-21,1986-03-12,9999-01-01,Senior Engineer
416074,Alain,1965-01-08,1987-05-11,9999-01-01,Senior Engineer
416383,Nectarios,1965-01-29,1990-03-02,9999-01-01,Senior Engineer
416420,Adamantios,1965-01-22,1986-08-08,9999-01-01,Senior Staff
416492,Kannan,1965-01-15,1992-08-12,9999-01-01,Senior Engineer
416660,Nathalie,1965-01-28,1987-09-16,9999-01-01,Assistant Engineer
416720,Tokuyasu,1965-01-14,1991-09-19,9999-01-01,Engineer
416877,Gio,1965-01-02,1988-12-07,9999-01-01,Staff
416892,Shooichi,1965-01-03,1996-08-16,9999-01-01,Engineer
417435,Bouchung,1965-01-03,1999-01-29,9999-01-01,Senior Staff
418239,Josyula,1965-01-03,1996-03-26,9999-01-01,Senior Engineer
418247,Oscar,1965-01-08,2002-07-27,9999-01-01,Senior Staff
418298,Arvin,1965-01-08,1995-03-02,9999-01-01,Engineer
418309,Danel,1965-01-24,1985-02-21,9999-01-01,Engineer
418380,Kazuhiko,1965-01-02,1993-05-20,9999-01-01,Senior Engineer
418566,Kazuhide,1965-01-27,1996-06-14,9999-01-01,Senior Engineer
418606,Michaela,1965-01-11,1994-01-05,9999-01-01,Engineer
418717,Arunachalam,1965-01-20,1987-12-23,9999-01-01,Staff
418860,Ymte,1965-02-01,1992-11-22,9999-01-01,Senior Staff
419099,Heon,1965-01-15,1998-05-06,9999-01-01,Staff
419953,Ung,1965-01-29,1991-07-22,9999-01-01,Staff
420086,Susuma,1965-01-27,1985-05-28,9999-01-01,Engineer
420476,Mariangiola,1965-01-28,1985-06-15,9999-01-01,Staff
420557,Mabhin,1965-01-06,1989-08-02,9999-01-01,Staff
420694,Frazer,1965-01-19,1986-11-04,9999-01-01,Staff
420732,Willard,1965-01-06,1996-05-27,9999-01-01,Senior Staff
420759,Raimond,1965-01-04,1997-10-03,9999-01-01,Staff
420765,Shawna,1965-01-17,1990-03-09,9999-01-01,Senior Staff
420877,Khosrow,1965-01-29,1990-02-11,9999-01-01,Senior Staff
421022,Shigeaki,1965-01-26,1996-07-13,9999-01-01,Senior Staff
421033,Garnik,1965-01-14,1989-12-23,9999-01-01,Senior Staff
421074,Zhaofang,1965-01-07,1994-06-29,9999-01-01,Senior Staff
421312,Mariangiola,1965-01-13,1999-09-18,9999-01-01,Engineer
421384,Renny,1965-01-02,1987-06-01,9999-01-01,Staff
421755,Shichao,1965-01-03,1989-01-11,9999-01-01,Senior Engineer
422146,Kenton,1965-01-08,2002-03-13,9999-01-01,Engineer
422783,Jagoda,1965-01-18,1995-09-01,9999-01-01,Engineer
423038,Takushi,1965-01-20,1988-10-04,9999-01-01,Senior Staff
423204,Uma,1965-01-08,1991-09-13,9999-01-01,Staff
423208,Joydip,1965-01-19,1995-02-08,9999-01-01,Engineer
423214,Tsutomu,1965-01-31,1987-09-24,9999-01-01,Staff
423327,Constantijn,1965-01-27,1994-06-26,9999-01-01,Senior Staff
423350,Heping,1965-01-04,1988-04-15,9999-01-01,Staff
423633,Mariusz,1965-01-30,1985-02-11,9999-01-01,Senior Engineer
423993,Seshu,1965-01-01,1988-12-09,9999-01-01,Technique Leader
424569,Danco,1965-01-14,1997-10-30,9999-01-01,Engineer
424584,Kagan,1965-02-01,1994-02-26,9999-01-01,Senior Engineer
424685,Changho,1965-01-10,1997-03-03,9999-01-01,Senior Staff
424797,Theron,1965-01-19,1985-05-16,9999-01-01,Staff
424805,Jacqueline,1965-01-24,1987-12-17,9999-01-01,Staff
424930,Xuejun,1965-01-19,1988-11-18,9999-01-01,Staff
424984,Vasilis,1965-01-11,1996-05-26,9999-01-01,Engineer
425437,Moni,1965-01-03,1999-03-23,9999-01-01,Engineer
425535,Alagu,1965-01-18,1986-08-23,9999-01-01,Staff
425540,Paddy,1965-01-03,1995-11-12,9999-01-01,Senior Staff
425757,Yongdong,1965-01-18,1995-01-31,9999-01-01,Senior Staff
425780,Paris,1965-01-15,1989-10-25,9999-01-01,Senior Staff
425830,Guther,1965-01-30,1999-02-13,9999-01-01,Engineer
425875,Jahangir,1965-01-19,1990-06-11,9999-01-01,Staff
426153,Shahaf,1965-01-16,1999-04-06,9999-01-01,Senior Staff
426168,Kaijung,1965-01-10,1987-11-18,9999-01-01,Staff
426228,Supot,1965-01-17,1996-08-17,9999-01-01,Engineer
426235,Danco,1965-01-31,1991-03-29,9999-01-01,Staff
426644,Zejun,1965-01-13,1995-01-19,9999-01-01,Senior Engineer
426706,Karsten,1965-01-07,1994-03-15,9999-01-01,Senior Engineer
426795,Huican,1965-01-07,1986-07-23,9999-01-01,Senior Staff
426818,Gaurav,1965-01-21,1992-02-15,9999-01-01,Staff
426819,Sandeepan,1965-01-13,1997-05-16,9999-01-01,Engineer
426824,Gopalakrishnan,1965-01-25,1997-12-07,9999-01-01,Staff
426958,Weijing,1965-01-19,1985-10-03,9999-01-01,Senior Engineer
427313,Utpal,1965-01-31,1986-12-04,9999-01-01,Staff
427320,Mamdouh,1965-01-13,2000-01-13,9999-01-01,Senior Engineer
427332,Feiyu,1965-01-20,1995-06-04,9999-01-01,Staff
427571,Torsten,1965-01-20,1995-07-03,9999-01-01,Senior Engineer
427776,Jaques,1965-01-25,1989-04-04,9999-01-01,Senior Staff
427805,Haldun,1965-01-21,1997-10-15,9999-01-01,Senior Staff
427823,Jaques,1965-01-18,1999-07-13,9999-01-01,Staff
427852,Adil,1965-01-02,1992-07-20,9999-01-01,Senior Engineer
428082,Ronghao,1965-01-09,1991-09-11,9999-01-01,Staff
428160,Jamaludin,1965-01-12,1998-09-06,9999-01-01,Senior Staff
428195,Hatsukazu,1965-01-11,1993-08-02,9999-01-01,Staff
428219,Ghassan,1965-01-21,1987-12-26,9999-01-01,Senior Staff
428917,Theron,1965-01-23,1989-02-17,9999-01-01,Assistant Engineer
429087,Hugh,1965-01-27,1992-10-15,9999-01-01,Technique Leader
429231,Kazuyasu,1965-01-09,1985-09-07,9999-01-01,Senior Staff
429238,Mona,1965-01-29,1989-05-11,9999-01-01,Senior Staff
429249,Alassane,1965-01-28,1993-11-09,9999-01-01,Engineer
429316,Seshu,1965-01-08,1994-08-10,9999-01-01,Staff
429381,Limsoon,1965-01-06,1986-11-26,9999-01-01,Staff
429481,Subhada,1965-01-09,1996-03-06,9999-01-01,Engineer
429520,Yongqiao,1965-01-06,1999-12-01,9999-01-01,Engineer
429532,Bartek,1965-01-25,1992-06-06,9999-01-01,Senior Staff
429569,Fumiya,1965-01-03,1992-09-03,9999-01-01,Engineer
429703,Ung,1965-01-06,1986-09-02,9999-01-01,Staff
429899,Ranan,1965-01-30,1999-08-13,9999-01-01,Staff
429954,Renny,1965-01-26,1999-02-27,9999-01-01,Staff
430054,Erzsebet,1965-01-22,1993-06-10,9999-01-01,Senior Engineer
430558,Xiong,1965-01-07,1988-03-01,9999-01-01,Senior Engineer
430593,Janalee,1965-01-19,1997-12-01,9999-01-01,Senior Staff
430631,Kersti,1965-01-17,1994-02-19,9999-01-01,Engineer
430891,Khalil,1965-01-06,1991-08-06,9999-01-01,Senior Engineer
431576,Masamitsu,1965-01-06,1993-04-12,9999-01-01,Staff
431657,Visit,1965-01-31,1986-11-14,9999-01-01,Engineer
431882,Hideo,1965-01-21,1997-06-19,9999-01-01,Engineer
431887,Poorav,1965-01-05,1996-06-01,9999-01-01,Senior Engineer
432031,Adamantios,1965-01-11,1987-03-01,9999-01-01,Senior Staff
432034,Arfst,1965-01-24,1994-07-10,9999-01-01,Senior Staff
432121,Alair,1965-01-06,1986-11-15,9999-01-01,Staff
432257,Kwangjo,1965-01-20,1998-12-22,9999-01-01,Engineer
432261,Arve,1965-01-30,1987-07-28,9999-01-01,Senior Engineer
432399,Nitsan,1965-01-19,1993-09-29,9999-01-01,Senior Engineer
432523,Takahiro,1965-01-21,1997-07-21,9999-01-01,Engineer
432665,Flemming,1965-01-02,1994-05-28,9999-01-01,Senior Engineer
432787,Toshiko,1965-01-16,1996-11-23,9999-01-01,Senior Engineer
432956,Qunsheng,1965-01-25,1986-05-13,9999-01-01,Staff
433059,Bojan,1965-01-02,1995-02-04,9999-01-01,Staff
433157,Tomofumi,1965-01-16,1999-10-23,9999-01-01,Staff
433260,Make,1965-02-01,1991-06-01,9999-01-01,Engineer
433438,Keiichiro,1965-01-06,1993-09-12,9999-01-01,Staff
434845,Takushi,1965-01-11,1985-06-07,9999-01-01,Staff
434936,Sahrah,1965-01-15,1994-06-24,9999-01-01,Senior Engineer
435042,Brigham,1965-01-10,1995-10-09,9999-01-01,Staff
435060,Moie,1965-01-16,1996-07-12,9999-01-01,Staff
435181,Kazuhide,1965-01-16,1992-05-10,9999-01-01,Senior Staff
435289,Feixiong,1965-01-04,1987-02-15,9999-01-01,Staff
435305,Berthier,1965-01-21,1993-01-23,9999-01-01,Senior Staff
435370,Conal,1965-01-16,1991-05-17,9999-01-01,Senior Staff
435588,Genta,1965-01-29,1994-04-12,9999-01-01,Senior Staff
435602,Dietrich,1965-01-29,1992-10-04,9999-01-01,Senior Staff
435774,Olivera,1965-01-09,1992-04-01,9999-01-01,Senior Staff
435791,Hercules,1965-01-07,1994-03-07,9999-01-01,Senior Engineer
436558,Subir,1965-01-08,1992-05-24,9999-01-01,Senior Engineer
436797,Ohad,1965-01-24,1990-11-03,9999-01-01,Senior Staff
436827,Wojceich,1965-01-30,1988-03-10,9999-01-01,Senior Staff
436915,Feixiong,1965-01-13,1998-10-11,9999-01-01,Staff
437276,Dines,1965-01-17,1987-12-07,9999-01-01,Senior Staff
437369,Kazuhide,1965-02-01,1995-01-25,9999-01-01,Senior Staff
437395,Sumant,1965-01-21,1996-08-24,9999-01-01,Staff
437724,Erez,1965-01-17,1994-12-14,9999-01-01,Staff
437870,Kerhong,1965-01-07,2001-03-17,9999-01-01,Staff
438038,Lena,1965-01-01,2001-10-03,9999-01-01,Senior Staff
438264,Rasikan,1965-01-19,1991-09-27,9999-01-01,Staff
438557,Lidong,1965-01-30,1999-09-16,9999-01-01,Engineer
439377,Mari,1965-01-28,1997-07-04,9999-01-01,Senior Engineer
439905,Kousuke,1965-01-03,1990-03-16,9999-01-01,Staff
439924,Gunilla,1965-01-30,1994-08-14,9999-01-01,Staff
440325,Douadi,1965-01-10,1999-09-25,9999-01-01,Senior Staff
440435,Sandeepan,1965-01-03,1991-11-26,9999-01-01,Senior Engineer
440450,Tzvetan,1965-01-16,1994-06-16,9999-01-01,Staff
440642,Snehasis,1965-01-14,1988-01-06,9999-01-01,Staff
440870,Filipp,1965-01-01,1996-10-14,9999-01-01,Senior Staff
440937,Fabrizio,1965-01-18,1992-10-13,9999-01-01,Senior Staff
441197,Miquel,1965-01-18,1985-06-28,9999-01-01,Staff
441536,Chinho,1965-01-10,1995-10-09,9999-01-01,Senior Engineer
441954,Leszek,1965-01-03,1999-06-13,9999-01-01,Engineer
441965,Claudi,1965-01-12,1988-08-30,9999-01-01,Staff
442002,Ravishankar,1965-01-03,1992-03-17,9999-01-01,Staff
442096,Martijn,1965-01-15,1990-06-15,9999-01-01,Senior Engineer
442312,Zengping,1965-01-05,1991-06-07,9999-01-01,Engineer
442490,Navid,1965-01-08,1994-10-17,9999-01-01,Engineer
442653,Mona,1965-01-04,1995-10-20,9999-01-01,Engineer
442700,Siddarth,1965-01-06,1997-08-11,9999-01-01,Staff
442898,Aksel,1965-01-07,1999-06-27,9999-01-01,Engineer
443108,Christfried,1965-01-14,1998-11-29,9999-01-01,Senior Staff
443485,Marke,1965-01-23,1990-04-14,9999-01-01,Senior Staff
443841,Shaw,1965-01-08,1992-07-16,9999-01-01,Senior Staff
443873,Vatsa,1965-01-20,2000-06-16,9999-01-01,Senior Staff
444070,Heping,1965-01-15,1990-11-27,9999-01-01,Staff
444099,Kousuke,1965-01-28,1988-03-22,9999-01-01,Staff
444208,Irena,1965-01-27,1985-10-30,9999-01-01,Senior Staff
444465,Prasadram,1965-01-13,1998-10-25,9999-01-01,Senior Engineer
444487,Udi,1965-01-03,1994-04-09,9999-01-01,Senior Engineer
444643,Berna,1965-01-18,1998-06-28,9999-01-01,Staff
445067,Eldridge,1965-01-28,1990-02-27,9999-01-01,Senior Engineer
445152,Heping,1965-01-09,1985-03-20,9999-01-01,Staff
445226,Oscar,1965-01-01,1987-01-22,9999-01-01,Engineer
445570,Van,1965-01-25,1986-08-11,9999-01-01,Technique Leader
445723,Gaurav,1965-01-31,1991-07-12,9999-01-01,Staff
445941,Masako,1965-01-11,1985-09-25,9999-01-01,Technique Leader
445950,Ebru,1965-01-23,1992-12-09,9999-01-01,Senior Engineer
446121,Fay,1965-01-11,1999-12-13,9999-01-01,Staff
446306,Hercules,1965-01-22,1991-06-10,9999-01-01,Senior Engineer
446424,DAIDA,1965-01-16,1985-11-24,9999-01-01,Senior Engineer
446897,Takahiro,1965-01-22,1992-09-30,9999-01-01,Technique Leader
446959,Aram,1965-01-29,1995-01-28,9999-01-01,Senior Engineer
447018,Dannz,1965-01-17,1992-12-04,9999-01-01,Engineer
447135,Gennady,1965-01-31,1989-08-24,9999-01-01,Senior Staff
447232,Aleksander,1965-01-22,2000-01-10,9999-01-01,Staff
447376,Kirk,1965-01-07,1999-12-10,9999-01-01,Staff
447544,Stabislas,1965-01-22,1989-02-19,9999-01-01,Senior Staff
447613,Paris,1965-01-15,1986-11-21,9999-01-01,Senior Engineer
447877,Make,1965-01-13,1988-07-02,9999-01-01,Engineer
447931,Martijn,1965-01-11,1990-12-14,9999-01-01,Senior Staff
447966,Kamakshi,1965-01-05,1997-01-17,9999-01-01,Senior Engineer
447982,Shiv,1965-01-25,1990-12-17,9999-01-01,Senior Engineer
447999,Shiv,1965-01-05,1990-08-01,9999-01-01,Senior Engineer
448769,Mong,1965-01-18,1997-10-11,9999-01-01,Technique Leader
448900,Mart,1965-01-16,1999-05-11,9999-01-01,Staff
448918,Chiradeep,1965-01-23,1989-10-06,9999-01-01,Senior Engineer
448994,Haldun,1965-01-12,1997-02-11,9999-01-01,Staff
449189,Jahangir,1965-01-30,1995-09-30,9999-01-01,Senior Staff
449815,Fumitaka,1965-01-27,1988-04-20,9999-01-01,Staff
449984,Hinrich,1965-02-01,1985-11-20,9999-01-01,Engineer
450184,Selwyn,1965-01-11,1993-03-09,9999-01-01,Senior Engineer
450255,Udo,1965-01-31,1986-06-14,9999-01-01,Technique Leader
450309,Gill,1965-01-08,1986-12-25,9999-01-01,Technique Leader
450475,Saeed,1965-01-21,1991-01-29,9999-01-01,Senior Staff
450817,DAIDA,1965-01-10,1987-07-17,9999-01-01,Senior Engineer
450888,Sedat,1965-01-03,1995-03-25,9999-01-01,Staff
450934,Chanjung,1965-01-23,1992-05-25,9999-01-01,Senior Engineer
450936,Yuriy,1965-01-18,1991-12-11,9999-01-01,Staff
451253,Jaihie,1965-01-15,1991-06-21,9999-01-01,Staff
451272,Jacopo,1965-01-02,1991-04-24,9999-01-01,Senior Engineer
451275,Bedrich,1965-01-25,1986-06-07,9999-01-01,Senior Staff
451333,Radhika,1965-01-15,1995-03-11,9999-01-01,Senior Staff
452137,Subir,1965-01-15,1999-01-09,9999-01-01,Senior Engineer
452206,Arra,1965-01-22,1994-11-03,9999-01-01,Staff
452325,Taiji,1965-01-14,1996-12-02,9999-01-01,Engineer
452347,Shigeichiro,1965-01-07,1996-07-13,9999-01-01,Staff
452365,Fei,1965-01-05,1988-11-13,9999-01-01,Assistant Engineer
452956,Gou,1965-01-17,1990-11-07,9999-01-01,Senior Engineer
452957,Alair,1965-01-03,1996-02-10,9999-01-01,Staff
452982,Lobel,1965-01-29,1994-12-29,9999-01-01,Senior Staff
453070,Aran,1965-01-06,1991-04-25,9999-01-01,Staff
453154,Gao,1965-01-03,1996-03-01,9999-01-01,Staff
453644,Berni,1965-01-07,1992-06-08,9999-01-01,Staff
453688,Chinya,1965-01-24,1995-10-28,9999-01-01,Engineer
453723,Arne,1965-01-15,1985-12-13,9999-01-01,Engineer
453760,Ewing,1965-01-13,1996-06-21,9999-01-01,Senior Staff
453790,Fai,1965-01-11,1994-10-12,9999-01-01,Senior Engineer
453913,Stein,1965-01-23,1993-04-29,9999-01-01,Senior Staff
454338,Mohammed,1965-01-24,1998-08-03,9999-01-01,Engineer
454378,Gina,1965-01-06,1998-01-03,9999-01-01,Technique Leader
454736,Nechama,1965-01-24,1995-06-05,9999-01-01,Engineer
454791,Xiaoqiu,1965-01-22,1994-07-09,9999-01-01,Senior Engineer
454825,Kamakshi,1965-01-02,1995-05-25,9999-01-01,Senior Engineer
454994,Mohan,1965-01-01,1991-02-24,9999-01-01,Senior Engineer
455175,Soenke,1965-01-14,1992-02-22,9999-01-01,Staff
455284,Luisa,1965-01-09,1996-07-12,9999-01-01,Senior Engineer
455726,Qiwen,1965-01-08,1987-12-13,9999-01-01,Staff
455814,Giao,1965-01-28,1991-07-19,9999-01-01,Senior Engineer
455914,Peer,1965-01-01,1989-07-23,9999-01-01,Senior Engineer
456767,Tetsurou,1965-01-24,1987-07-17,9999-01-01,Staff
456982,Shounak,1965-01-07,1989-01-05,9999-01-01,Engineer
457070,Gay,1965-01-25,1987-08-06,9999-01-01,Staff
457146,Jinpo,1965-01-20,1999-01-07,9999-01-01,Staff
457305,Sorina,1965-01-15,1994-09-03,9999-01-01,Staff
457337,Xumin,1965-01-31,1995-04-27,9999-01-01,Technique Leader
457411,Xudong,1965-01-13,1988-04-18,9999-01-01,Senior Engineer
457489,Berna,1965-01-24,1985-05-14,9999-01-01,Engineer
457611,Indrajit,1965-01-09,1998-09-18,9999-01-01,Engineer
457776,Florian,1965-01-15,1987-12-21,9999-01-01,Senior Engineer
457813,Foong,1965-01-28,1992-01-24,9999-01-01,Senior Engineer
457832,Jackson,1965-02-01,1997-09-12,9999-01-01,Senior Engineer
457938,Arch,1965-01-14,1997-10-22,9999-01-01,Staff
458111,Florian,1965-01-23,1999-11-07,9999-01-01,Engineer
458134,Thanasis,1965-01-11,1985-03-20,9999-01-01,Staff
458191,George,1965-01-28,1997-07-02,9999-01-01,Staff
458383,Mabhin,1965-01-06,1999-04-23,9999-01-01,Engineer
458726,Shahaf,1965-01-13,1986-12-26,9999-01-01,Senior Staff
458790,Ramya,1965-01-17,1988-11-19,9999-01-01,Senior Engineer
459172,Val,1965-01-19,1993-11-20,9999-01-01,Engineer
459356,Pramod,1965-01-21,1998-12-25,9999-01-01,Engineer
459429,Mohit,1965-01-14,1992-05-27,9999-01-01,Senior Staff
459685,Hirochika,1965-02-01,1998-03-12,9999-01-01,Engineer
460131,Adly,1965-01-16,1997-07-25,9999-01-01,Staff
460691,Munehiko,1965-01-16,1989-12-06,9999-01-01,Senior Staff
460707,Yoshinari,1965-01-07,1996-12-25,9999-01-01,Engineer
460920,Remzi,1965-01-22,1986-04-06,9999-01-01,Senior Staff
461120,Shietung,1965-01-18,2001-04-01,9999-01-01,Senior Engineer
461270,Mrinalini,1965-01-10,1996-01-03,9999-01-01,Staff
461801,Sumali,1965-01-03,1993-04-18,9999-01-01,Staff
462493,Paloma,1965-01-12,1988-07-26,9999-01-01,Senior Engineer
462795,Somnath,1965-01-05,1994-07-10,9999-01-01,Senior Staff
463023,Itzchak,1965-01-06,1999-01-21,9999-01-01,Staff
463099,Jinxi,1965-01-15,1990-09-21,9999-01-01,Senior Staff
463212,Ramya,1965-01-09,2001-09-02,9999-01-01,Senior Engineer
463472,Jaber,1965-01-11,2000-06-11,9999-01-01,Technique Leader
463495,Alenka,1965-01-28,1988-05-06,9999-01-01,Staff
464284,Huiqun,1965-01-20,1993-05-19,9999-01-01,Senior Staff
464303,Abdelghani,1965-01-22,1986-08-02,9999-01-01,Staff
465062,Stafford,1965-01-29,1988-05-07,9999-01-01,Senior Engineer
465076,Tokuyasu,1965-01-19,1985-05-05,9999-01-01,Senior Engineer
465085,Vidar,1965-01-18,1996-03-18,9999-01-01,Senior Staff
465409,Shahid,1965-01-30,1985-08-27,9999-01-01,Staff
465501,Mrinalini,1965-01-05,1992-11-09,9999-01-01,Senior Staff
465711,Lakshmi,1965-01-06,1990-04-21,9999-01-01,Senior Engineer
465853,Kwan,1965-01-01,1998-10-16,9999-01-01,Staff
465874,Herb,1965-01-12,1985-05-31,9999-01-01,Assistant Engineer
466064,Temple,1965-01-31,1994-06-13,9999-01-01,Senior Staff
466367,Hiroyasu,1965-01-05,1989-06-05,9999-01-01,Senior Staff
466509,Bezalel,1965-01-26,1988-03-22,9999-01-01,Senior Engineer
466603,Yechezkel,1965-01-23,1991-08-01,9999-01-01,Staff
466745,Boalin,1965-01-26,1995-10-16,9999-01-01,Senior Staff
467176,Przemyslawa,1965-01-05,1993-06-18,9999-01-01,Senior Staff
467269,Nahum,1965-01-18,1989-08-31,9999-01-01,Technique Leader
467392,Mariusz,1965-01-07,1995-04-13,9999-01-01,Engineer
467441,Margareta,1965-01-13,1988-11-07,9999-01-01,Senior Engineer
467591,Kiyotoshi,1965-01-17,2001-03-06,9999-01-01,Staff
467886,Sivanarayana,1965-01-02,1996-01-24,9999-01-01,Senior Staff
467918,Tsuneo,1965-01-03,1997-10-21,9999-01-01,Staff
468360,Huei,1965-01-12,1994-08-10,9999-01-01,Technique Leader
468417,Kamakshi,1965-01-25,1993-08-26,9999-01-01,Senior Engineer
468659,Ranga,1965-01-18,1989-11-05,9999-01-01,Engineer
468773,Baziley,1965-01-27,1993-09-22,9999-01-01,Senior Engineer
469104,Nadjib,1965-01-21,1999-01-22,9999-01-01,Senior Engineer
469253,Baruch,1965-01-17,1993-09-17,9999-01-01,Senior Engineer
469269,Weiyi,1965-01-23,1989-05-27,9999-01-01,Senior Engineer
469366,Aiman,1965-01-12,1990-12-30,9999-01-01,Senior Engineer
469399,Hongzhu,1965-01-25,2000-06-06,9999-01-01,Engineer
469527,Halsur,1965-01-24,1998-03-05,9999-01-01,Staff
469529,Neven,1965-01-07,1988-10-21,9999-01-01,Senior Engineer
469735,Arif,1965-01-30,1992-11-16,9999-01-01,Senior Engineer
469867,Hein,1965-01-23,1985-02-12,9999-01-01,Staff
470456,Reuven,1965-01-13,1986-03-29,9999-01-01,Staff
470472,Zhiguo,1965-02-01,1985-12-03,9999-01-01,Engineer
471397,Nigel,1965-02-01,1999-07-23,9999-01-01,Engineer
471532,Feiyu,1965-01-17,1998-09-13,9999-01-01,Technique Leader
471552,Basem,1965-01-22,1997-10-25,9999-01-01,Staff
471911,Arun,1965-01-14,1990-05-31,9999-01-01,Engineer
471939,Kazuhiko,1965-01-27,2001-06-04,9999-01-01,Staff
472052,Godehard,1965-01-26,1995-12-09,9999-01-01,Assistant Engineer
472143,Yahiko,1965-01-25,1996-08-14,9999-01-01,Senior Staff
472238,Jungsoon,1965-01-31,1990-10-09,9999-01-01,Senior Engineer
472790,Zhenbing,1965-01-23,1985-10-29,9999-01-01,Senior Engineer
472950,Weidon,1965-01-29,1986-03-27,9999-01-01,Senior Engineer
473268,Hugo,1965-01-01,1992-04-24,9999-01-01,Senior Staff
473299,Khaled,1965-01-12,1992-05-19,9999-01-01,Staff
473490,Pantung,1965-01-06,1992-05-11,9999-01-01,Staff
473940,Avishai,1965-01-16,1998-01-10,9999-01-01,Engineer
474331,Sugwoo,1965-01-29,1994-03-02,9999-01-01,Senior Staff
474763,Mayuko,1965-01-07,1997-09-04,9999-01-01,Engineer
474796,Zongyan,1965-01-10,1987-08-17,9999-01-01,Technique Leader
475087,Genevieve,1965-01-31,1988-10-21,9999-01-01,Senior Engineer
475258,Fumiyo,1965-01-10,2000-02-12,9999-01-01,Senior Staff
475538,Christophe,1965-01-15,1998-10-31,9999-01-01,Staff
475938,Shigeaki,1965-01-14,1989-02-17,9999-01-01,Senior Engineer
475965,Rimon,1965-01-02,1985-07-10,9999-01-01,Senior Engineer
476055,Girolamo,1965-01-03,1993-03-07,9999-01-01,Staff
476122,Khun,1965-01-04,1995-05-07,9999-01-01,Engineer
476327,Reinhold,1965-01-31,1995-05-29,9999-01-01,Senior Engineer
476361,Doohun,1965-01-09,1993-04-28,9999-01-01,Technique Leader
477350,Terresa,1965-01-01,1998-07-08,9999-01-01,Staff
477578,Marit,1965-01-23,1990-09-30,9999-01-01,Senior Engineer
477969,Bluma,1965-01-18,1991-10-18,9999-01-01,Engineer
478007,Fumino,1965-01-06,1991-09-21,9999-01-01,Senior Engineer
478170,Doowon,1965-01-22,1995-04-13,9999-01-01,Engineer
478218,Djenana,1965-01-02,1999-12-03,9999-01-01,Engineer
478439,Yuichiro,1965-01-15,1997-11-04,9999-01-01,Technique Leader
478768,Arun,1965-01-03,1991-10-28,9999-01-01,Senior Engineer
478799,Shaw,1965-01-18,1991-05-11,9999-01-01,Senior Staff
478833,Pradeep,1965-01-30,1992-09-19,9999-01-01,Senior Engineer
478858,Hidekazu,1965-01-20,1999-11-08,9999-01-01,Staff
479024,Ewing,1965-01-03,1996-12-21,9999-01-01,Engineer
479407,Randi,1965-01-18,1986-11-25,9999-01-01,Senior Engineer
479601,Kayoko,1965-01-19,1997-02-19,9999-01-01,Staff
479695,Masamitsu,1965-01-06,1999-06-23,9999-01-01,Senior Staff
480035,Sukumar,1965-01-26,1990-08-26,9999-01-01,Senior Staff
480066,Suebskul,1965-01-31,1994-07-26,9999-01-01,Engineer
480178,Uinam,1965-01-03,1991-02-10,9999-01-01,Staff
480268,Gaurav,1965-01-18,1989-03-30,9999-01-01,Technique Leader
480407,Deniz,1965-01-01,1989-06-24,9999-01-01,Engineer
481050,Weiru,1965-01-16,1990-10-15,9999-01-01,Staff
481213,Shigehiro,1965-01-08,1991-12-14,9999-01-01,Senior Staff
481397,Luisa,1965-01-31,1998-08-13,9999-01-01,Assistant Engineer
481764,Teiji,1965-01-27,1986-08-26,9999-01-01,Senior Engineer
481790,Haldun,1965-01-22,1999-01-01,9999-01-01,Senior Engineer
482335,Kwangyoen,1965-01-26,1994-01-16,9999-01-01,Engineer
482354,Jayson,1965-01-23,1999-11-06,9999-01-01,Staff
482755,Jouni,1965-01-03,1994-10-31,9999-01-01,Senior Staff
482885,Shaunak,1965-01-29,1988-09-02,9999-01-01,Assistant Engineer
482905,Aral,1965-01-16,1991-09-10,9999-01-01,Senior Staff
482944,Duke,1965-01-26,1991-10-26,9999-01-01,Senior Staff
483401,Rosita,1965-01-10,1996-08-03,9999-01-01,Senior Staff
483675,Hausi,1965-01-22,1988-02-16,9999-01-01,Engineer
483825,Marek,1965-01-22,1992-11-20,9999-01-01,Senior Engineer
483838,Sham,1965-01-03,1997-12-18,9999-01-01,Assistant Engineer
483978,Dung,1965-01-24,1990-01-28,9999-01-01,Senior Staff
484126,Manton,1965-01-05,1989-04-07,9999-01-01,Senior Staff
484142,Perry,1965-01-05,1987-04-23,9999-01-01,Staff
484498,Herbert,1965-01-26,1996-08-22,9999-01-01,Engineer
484756,Phule,1965-01-16,1990-08-09,9999-01-01,Senior Engineer
485253,Gladys,1965-01-14,1996-07-20,9999-01-01,Senior Staff
485489,Keiichiro,1965-01-01,1986-12-14,9999-01-01,Assistant Engineer
485577,Rafael,1965-01-30,1997-04-27,9999-01-01,Senior Engineer
485579,Munehiro,1965-01-18,1986-12-16,9999-01-01,Engineer
485799,Yoshimitsu,1965-01-27,1997-11-22,9999-01-01,Senior Staff
485817,Mahmut,1965-01-29,1997-02-21,9999-01-01,Engineer
486068,Yefim,1965-01-11,1996-06-26,9999-01-01,Senior Staff
486808,Geoffrey,1965-01-05,1998-12-27,9999-01-01,Senior Engineer
486918,Yagil,1965-01-18,1994-11-01,9999-01-01,Senior Staff
486956,Matt,1965-01-01,1993-10-14,9999-01-01,Engineer
486958,Tonny,1965-01-06,1986-07-30,9999-01-01,Senior Engineer
487008,Zhigen,1965-01-22,1993-05-26,9999-01-01,Senior Staff
487505,Uno,1965-01-20,1987-11-02,9999-01-01,Staff
487988,Ekawit,1965-01-05,1990-05-20,9999-01-01,Staff
488095,Francoise,1965-01-24,1997-12-23,9999-01-01,Senior Staff
488142,Denis,1965-01-05,1991-07-01,9999-01-01,Staff
488482,Kensyu,1965-01-30,1999-12-05,9999-01-01,Engineer
488540,Breannda,1965-01-22,1996-04-12,9999-01-01,Senior Staff
488619,Georgy,1965-01-25,1998-04-11,9999-01-01,Engineer
488693,Jiong,1965-01-27,1993-03-10,9999-01-01,Senior Engineer
488707,Mihalis,1965-01-16,1990-03-01,9999-01-01,Staff
488752,Nimmagadda,1965-01-23,1994-02-09,9999-01-01,Senior Staff
488788,Wuxu,1965-01-12,1990-09-21,9999-01-01,Staff
488984,Kendra,1965-01-18,1992-11-12,9999-01-01,Staff
489755,Matk,1965-01-14,1999-12-04,9999-01-01,Staff
489756,Kersti,1965-01-01,1992-06-09,9999-01-01,Staff
489928,Satoru,1965-01-28,1997-07-26,9999-01-01,Assistant Engineer
490551,Lalit,1965-01-01,1998-11-07,9999-01-01,Engineer
490557,Luise,1965-01-27,1994-07-01,9999-01-01,Senior Engineer
490568,Zita,1965-01-01,1998-07-23,9999-01-01,Senior Engineer
490720,Younwoo,1965-01-19,2002-05-18,9999-01-01,Senior Engineer
491079,Kwangsub,1965-01-06,1992-02-04,9999-01-01,Senior Engineer
491162,Panayotis,1965-01-14,1994-08-29,9999-01-01,Senior Engineer
491478,Gill,1965-01-16,1988-06-18,9999-01-01,Senior Staff
491596,Charmane,1965-01-21,1992-08-03,9999-01-01,Senior Engineer
491632,Gadiel,1965-01-01,1986-10-20,9999-01-01,Staff
492000,Valeska,1965-01-10,1993-12-16,9999-01-01,Staff
492052,Udo,1965-01-11,1999-11-30,9999-01-01,Staff
492217,Heekeun,1965-01-16,1991-09-28,9999-01-01,Senior Engineer
492639,Sanjoy,1965-01-30,1997-07-10,9999-01-01,Engineer
492677,Goetz,1965-01-26,1988-02-05,9999-01-01,Senior Engineer
493031,Hironoby,1965-01-23,1991-07-30,9999-01-01,Staff
493048,Muzhong,1965-01-31,1995-01-23,9999-01-01,Senior Staff
493096,Sachem,1965-01-31,1995-04-07,9999-01-01,Engineer
493744,Leni,1965-01-14,1997-07-17,9999-01-01,Senior Engineer
494019,Morrie,1965-01-16,1991-05-06,9999-01-01,Senior Staff
494088,Phule,1965-01-10,1989-02-06,9999-01-01,Senior Engineer
494493,Masasuke,1965-01-10,1996-11-20,9999-01-01,Staff
494995,Yongmao,1965-01-04,1989-08-24,9999-01-01,Staff
496100,Pranjal,1965-01-07,1995-05-08,9999-01-01,Staff
496970,Giordano,1965-01-03,1999-12-31,9999-01-01,Senior Engineer
496978,Danco,1965-01-30,1993-09-10,9999-01-01,Senior Staff
497007,Oldrich,1965-01-23,1998-08-09,9999-01-01,Senior Engineer
497174,Sanjiv,1965-01-02,1993-04-27,9999-01-01,Engineer
497340,Fayez,1965-01-06,1990-09-19,9999-01-01,Senior Staff
497391,Paris,1965-01-30,1999-05-19,9999-01-01,Engineer
497835,Shuho,1965-01-29,1999-10-06,9999-01-01,Technique Leader
498185,Caolyn,1965-01-19,1999-06-06,9999-01-01,Senior Engineer
498337,Naraig,1965-01-30,1997-05-17,9999-01-01,Staff
498456,Geraldo,1965-01-17,1987-06-05,9999-01-01,Staff
498635,Florian,1965-01-09,1988-07-22,9999-01-01,Staff
498838,Sanjay,1965-01-16,1989-12-13,9999-01-01,Staff
498845,Arumugam,1965-01-09,1999-11-13,9999-01-01,Senior Engineer
498955,Nechama,1965-01-13,1995-01-16,9999-01-01,Senior Engineer
499194,Padma,1965-01-29,1999-08-27,9999-01-01,Senior Staff
499260,Danae,1965-01-11,1998-09-14,9999-01-01,Engineer
499495,Baoqiu,1965-01-14,1999-08-30,9999-01-01,Engineer
